messageId,camId,timestamp,latitude,longitude,heading,speed,acceleration
2,13,26340,8,166.574,270,14.38,-1.1
2,1,26440,-8,-147.149,90,15.27,0.2
2,13,26640,8,162.255,270,14.4,0.7
2,1,26740,-8,-142.564,90,15.27,-0.9
2,13,26940,8,157.937,270,14.39,0.2
2,1,27040,-8,-137.98,90,15.27,0.2
2,13,27240,8,153.618,270,14.4,0
2,1,27340,-8,-133.396,90,15.27,0.2
2,13,27540,8,149.299,270,14.39,-0.5
2,1,27640,-8,-128.812,90,15.27,0.3
2,13,27840,8,144.98,270,14.39,-1.1
2,1,27940,-8,-124.227,90,15.27,-0.9
2,13,28140,8,140.662,270,14.39,0
2,1,28240,-8,-119.643,90,15.28,0.6
2,3,28244,-1.6,-179.258,90,16.72,0.4
2,13,28440,8,136.343,270,14.39,0.5
2,1,28540,-8,-115.059,90,15.27,0.3
2,3,28544,-1.6,-174.24,90,16.71,-0.7
2,13,28740,8,132.025,270,14.39,0.2
2,1,28840,-8,-110.475,90,15.28,0.3
2,3,28844,-1.6,-169.223,90,16.72,-0.5
2,13,29040,8,127.706,270,14.39,0.2
2,1,29140,-8,-105.89,90,15.28,-0.1
2,3,29144,-1.6,-164.206,90,16.72,0.2
2,13,29340,8,123.387,270,14.39,-0.7
2,1,29440,-8,-101.306,90,15.28,0
2,3,29444,-1.6,-159.188,90,16.72,0
2,2,29535,-8,-179.394,90,13.31,0.5
2,13,29640,8,119.068,270,14.38,-0.8
2,1,29740,-8,-96.7212,90,15.27,-0.7
2,3,29744,-1.6,-154.171,90,16.72,0
2,2,29935,-8,-174.069,90,13.3,0
2,13,29940,8,114.749,270,14.39,0
2,1,30040,-8,-92.137,90,15.27,0.3
2,3,30044,-1.6,-149.154,90,16.72,0.1
2,13,30240,8,110.43,270,14.39,0.4
2,2,30335,-8,-168.744,90,13.31,0.3
2,1,30340,-8,-87.553,90,15.28,0.1
2,3,30344,-1.6,-144.137,90,16.72,-0.7
2,13,30540,8,106.111,270,14.39,-0.1
2,7,30540,89.4387,-8,180,15.1,0
2,3,30644,-1.6,-139.12,90,16.71,-0.4
2,1,30640,-8,-82.9689,90,15.27,-0.7
2,2,30735,-8,-163.419,90,13.3,-0.5
2,13,30840,8,101.792,270,14.4,0
2,14,30837,8,178.806,270,12.57,-0.6
2,7,30840,84.9043,-8,180,15.12,0.4
2,3,30944,-1.6,-134.103,90,16.72,0
2,1,30940,-8,-78.3844,90,15.27,-0.5
2,13,31140,8,97.4731,270,14.39,0.5
2,2,31135,-8,-158.094,90,13.31,0.4
2,7,31140,80.3699,-8,180,15.11,0.7
2,14,31237,8,173.775,270,12.58,0.3
2,3,31244,-1.6,-129.085,90,16.72,0.3
2,1,31240,-8,-73.7998,90,15.28,-0.3
2,13,31440,8,93.1546,270,14.39,-0.8
2,7,31440,75.8358,-8,180,15.1,-0.3
2,2,31535,-8,-152.769,90,13.31,-0.1
2,3,31544,-1.6,-124.068,90,16.72,0.7
2,1,31540,-8,-69.2154,90,15.28,0
2,14,31637,8,168.743,270,12.57,-0.7
2,7,31740,71.3015,-8,180,15.1,-1.1
2,13,31740,8,88.8359,270,14.39,-0.6
2,1,31840,-8,-64.6312,90,15.27,-0.7
2,3,31844,-1.6,-119.051,90,16.72,-0.2
2,2,31935,-8,-147.444,90,13.31,0
2,7,32040,66.7672,-8,180,15.11,0.5
2,14,32037,8,163.711,270,12.57,-0.4
2,13,32040,8,84.5169,270,14.39,-1.1
2,1,32140,-8,-60.0468,90,15.28,1
2,3,32144,-1.6,-114.034,90,16.72,0.6
2,2,32335,-8,-142.119,90,13.31,-0.3
2,7,32340,62.2324,-8,180,15.11,-0.1
2,13,32340,8,80.1981,270,14.39,0.3
2,15,32372,8,179.614,270,12.6,0.6
2,1,32440,-8,-55.4624,90,15.27,-0.5
2,14,32437,8,158.679,270,12.58,1.1
2,3,32444,-1.6,-109.016,90,16.72,0.4
2,7,32640,57.698,-8,180,15.11,-0.8
2,13,32640,8,75.8795,270,14.39,-0.6
2,2,32735,-8,-136.795,90,13.3,-0.6
2,1,32740,-8,-50.8778,90,15.28,0.6
2,3,32744,-1.6,-103.999,90,16.72,0.6
2,15,32772,8,174.574,270,12.59,0.4
2,14,32837,8,153.647,270,12.58,0
2,7,32940,53.1635,-8,180,15.11,1
2,13,32940,8,71.5606,270,14.4,0.1
2,4,33044,-1.6,-179.494,90,14.6,0.6
2,1,33040,-8,-46.2934,90,15.27,-0.9
2,3,33044,-1.6,-98.982,90,16.72,0
2,2,33135,-8,-131.47,90,13.31,0.2
2,15,33172,8,169.535,270,12.59,0.2
2,13,33240,8,67.2415,270,14.39,-0.9
2,14,33237,8,148.615,270,12.58,0.4
2,7,33240,48.6294,-8,180,15.1,-0.4
2,4,33344,-1.6,-175.113,90,14.6,0.6
2,1,33340,-8,-41.709,90,15.27,-0.3
2,3,33344,-1.6,-93.9649,90,16.72,0
2,13,33540,8,62.9224,270,14.4,-0.1
2,2,33535,-8,-126.145,90,13.31,0.1
2,7,33540,44.0953,-8,180,15.1,0
2,1,33540,-8,-38.6873,90,14.74,-4.4
2,15,33572,8,164.497,270,12.58,-0.9
2,14,33637,8,143.583,270,12.57,0.1
2,4,33644,-1.6,-170.732,90,14.59,-0.7
2,3,33644,-1.6,-88.9478,90,16.72,0.6
2,1,33740,-8,-35.8327,90,13.84,-4.4
2,13,33840,8,58.6038,270,14.4,0.2
2,7,33840,39.5612,-8,180,15.11,0
2,2,33935,-8,-120.82,90,13.31,-0.8
2,4,33944,-1.6,-166.352,90,14.6,0.5
2,3,33944,-1.6,-83.9303,90,16.72,0.4
2,1,33940,-8,-33.158,90,12.94,-4.4
2,15,33972,8,159.46,270,12.59,-0.2
2,20,34008,-89.5464,8,0,14.63,-1.2
2,16,34025,8,179.61,270,12.77,0.7
2,14,34037,8,138.551,270,12.57,0.1
2,13,34140,8,54.2851,270,14.39,0
2,7,34140,35.0268,-8,180,15.11,0.6
2,1,34140,-8,-30.6633,90,12.04,-4.4
2,4,34244,-1.6,-161.971,90,14.59,0.1
2,3,34244,-1.6,-78.9129,90,16.72,0
2,20,34308,-85.1532,8,0,14.64,0.5
2,2,34335,-8,-115.495,90,13.31,-0.3
2,1,34340,-8,-28.3487,90,11.14,-4.4
2,15,34372,8,154.423,270,12.59,0.8
2,16,34425,8,174.507,270,12.74,-0.7
2,13,34440,8,49.9666,270,14.39,0.2
2,14,34437,8,133.52,270,12.57,-0.2
2,7,34440,30.4925,-8,180,15.11,0
2,4,34544,-1.6,-157.59,90,14.6,0
2,3,34544,-1.6,-73.8958,90,16.71,-0.4
2,1,34540,-8,-26.214,90,10.24,-4.4
2,20,34608,-80.7602,8,0,14.64,0.2
2,17,34664,1.6,179.921,270,15.45,-0.1
2,13,34740,8,45.6478,270,14.4,0.8
2,7,34740,25.9585,-8,180,15.1,-0.1
2,2,34735,-8,-110.17,90,13.31,0
2,1,34740,-8,-24.2593,90,9.34,-4.4
2,15,34772,8,149.387,270,12.59,0.1
2,16,34825,8,169.411,270,12.73,-0.7
2,14,34837,8,128.488,270,12.57,-0.4
2,4,34844,-1.6,-153.209,90,14.59,-0.4
2,3,34844,-1.6,-68.8782,90,16.71,-0.2
2,20,34908,-76.367,8,0,14.64,-0.2
2,1,34940,-8,-22.4847,90,8.44,-4.4
2,17,34964,1.6,175.282,270,15.46,-0.1
2,13,35040,8,41.3288,270,14.39,-0.2
2,7,35040,21.4245,-8,180,15.11,0
2,4,35144,-1.6,-148.828,90,14.6,0.2
2,3,35144,-1.6,-63.861,90,16.71,-0.2
2,2,35135,-8,-104.845,90,13.3,0
2,1,35140,-8,-20.89,90,7.54,-4.4
2,15,35172,8,144.352,270,12.58,0.6
2,20,35208,-71.9739,8,0,14.64,-0.3
2,16,35225,8,164.322,270,12.71,-1.2
2,14,35237,8,123.457,270,12.58,0.1
2,17,35264,1.6,170.644,270,15.45,0.1
2,13,35340,8,37.0144,270,14.22,-4.4
2,1,35340,-8,-19.4753,90,6.64,-4.4
2,7,35340,16.89,-8,180,15.12,0.2
2,3,35444,-1.6,-58.8435,90,16.72,0.5
2,4,35444,-1.6,-144.447,90,14.6,-0.8
2,20,35508,-67.5807,8,0,14.64,0.7
2,2,35535,-8,-99.5194,90,13.31,-0.5
2,13,35540,8,34.2642,270,13.32,-4.4
2,1,35540,-8,-18.2406,90,5.74,-4.4
2,17,35564,1.6,166.006,270,15.45,-0.2
2,15,35572,8,139.317,270,12.57,-1
2,14,35637,8,118.425,270,12.58,0
2,7,35640,12.3554,-8,180,15.1,-0.2
2,16,35625,8,159.238,270,12.7,-0.1
2,3,35744,-1.6,-53.8261,90,16.72,0.3
2,13,35740,8,31.6937,270,12.42,-4.4
2,1,35740,-8,-17.186,90,4.84,-4.4
2,4,35744,-1.6,-140.066,90,14.6,-0.1
2,20,35808,-63.1877,8,0,14.64,0.2
2,17,35864,1.6,161.368,270,15.45,-0.5
2,13,35940,8,29.3032,270,11.52,-4.4
2,2,35935,-8,-94.1945,90,13.31,-0.4
2,1,35940,-8,-16.3113,90,3.94,-4.4
2,7,35940,7.82144,-8,180,15.11,-0.6
2,15,35972,8,134.281,270,12.58,0
2,16,36025,8,154.16,270,12.68,0
2,3,36044,-1.6,-48.8087,90,16.72,-0.1
2,14,36037,8,113.394,270,12.57,-0.5
2,4,36044,-1.6,-135.686,90,14.6,0.5
2,20,36108,-58.795,8,0,14.63,-0.2
2,13,36140,8,27.0928,270,10.62,-4.4
2,1,36140,-8,-15.6166,90,3.04,-4.4
2,17,36164,1.6,156.731,270,15.45,-1
2,7,36240,3.28705,-8,180,15.11,0.6
2,13,36340,8,25.0623,270,9.72,-4.4
2,2,36335,-8,-88.8693,90,13.3,-0.2
2,3,36344,-1.6,-43.8206,90,16.23,-4.5
2,1,36340,-8,-15.102,90,2.14,-4.4
2,4,36344,-1.6,-131.305,90,14.6,-0.3
2,15,36372,8,129.247,270,12.58,-0.4
2,20,36408,-54.4017,8,0,14.64,0.5
2,16,36425,8,149.085,270,12.68,0.4
2,14,36437,8,108.362,270,12.57,0.1
2,17,36464,1.6,152.093,270,15.45,-0.6
2,7,36540,-1.24729,-8,180,15.11,0.4
2,13,36540,8,23.2119,270,8.82,-4.4
2,3,36544,-1.6,-40.6674,90,15.33,-4.4
2,1,36540,-8,-14.7673,90,1.24,-4.4
2,4,36644,-1.6,-126.924,90,14.59,-0.3
2,5,36686,-8,-179.706,90,13.81,0.8
2,20,36708,-50.0085,8,0,14.64,0.3
2,13,36740,8,21.5413,270,7.92,-4.4
2,2,36735,-8,-83.5441,90,13.3,-0.1
2,3,36744,-1.6,-37.6941,90,14.43,-4.4
2,1,36740,-8,-14.6126,90,0.34,-4.4
2,17,36764,1.6,147.455,270,15.45,-0.2
2,15,36772,8,124.213,270,12.58,-0.3
2,16,36825,8,144.015,270,12.66,-0.2
2,7,36840,-5.78142,-8,180,15.11,0
2,14,36837,8,103.33,270,12.57,-0.6
2,13,36940,8,20.0506,270,7.02,-4.4
2,3,36944,-1.6,-34.9008,90,13.53,-4.4
2,1,36940,-8,-14.601,90,0,0
2,4,36944,-1.6,-122.544,90,14.59,-0.3
2,5,36986,-8,-175.561,90,13.81,0.3
2,20,37008,-45.6153,8,0,14.64,0.2
2,17,37064,1.6,142.817,270,15.45,-0.3
2,7,37140,-10.3159,-8,180,15.11,-0.1
2,3,37144,-1.6,-32.2875,90,12.63,-4.4
2,13,37140,8,18.74,270,6.12,-4.4
2,2,37135,-8,-78.2192,90,13.3,-0.2
2,1,37140,-8,-14.601,90,0,0
2,15,37172,8,119.178,270,12.58,-0.4
2,16,37225,8,138.949,270,12.66,-0.2
2,14,37237,8,98.2981,270,12.57,0.1
2,4,37244,-1.6,-118.162,90,14.59,-0.5
2,5,37286,-8,-171.416,90,13.81,-0.5
2,20,37308,-41.2224,8,0,14.64,0
2,8,37337,88.9991,-8,180,12.86,0.6
2,3,37344,-1.6,-29.8542,90,11.73,-4.4
2,13,37340,8,17.6093,270,5.22,-4.4
2,1,37340,-8,-14.601,90,0,0
2,17,37364,1.6,138.179,270,15.45,0
2,7,37440,-14.8502,-8,180,15.11,0
2,3,37544,-1.6,-27.6009,90,10.83,-4.4
2,13,37540,8,16.6586,270,4.32,-4.4
2,2,37535,-8,-72.8944,90,13.31,0.5
2,4,37544,-1.6,-113.781,90,14.6,-0.7
2,15,37572,8,114.144,270,12.59,1.1
2,5,37586,-8,-167.271,90,13.81,-0.3
2,20,37608,-36.8291,8,0,14.64,0.9
2,16,37625,8,133.886,270,12.65,-0.5
2,14,37637,8,93.2662,270,12.57,0.1
2,17,37664,1.6,133.541,270,15.45,0
2,8,37737,83.857,-8,180,12.85,-0.2
2,3,37744,-1.6,-25.5276,90,9.93,-4.4
2,7,37740,-19.3848,-8,180,15.11,-0.4
2,13,37740,8,15.888,270,3.42,-4.4
2,4,37844,-1.6,-109.4,90,14.6,0.9
2,5,37886,-8,-163.126,90,13.82,0.5
2,20,37908,-32.436,8,0,14.63,-0.7
2,3,37944,-1.6,-23.6343,90,9.03,-4.4
2,2,37935,-8,-67.5694,90,13.31,0.3
2,17,37964,1.6,128.903,270,15.46,0
2,15,37972,8,109.111,270,12.58,0.2
2,13,37940,8,15.2973,270,2.52,-4.4
2,16,38025,8,128.826,270,12.63,-0.9
2,7,38040,-23.9189,-8,180,15.11,0.6
2,14,38037,8,88.2347,270,12.57,-0.5
2,8,38137,78.7148,-8,180,12.85,0.1
2,13,38140,8,14.8867,270,1.62,-4.4
2,4,38144,-1.6,-105.019,90,14.6,0.4
2,3,38144,-1.6,-21.921,90,8.13,-4.4
2,5,38186,-8,-158.981,90,13.81,0
2,20,38208,-28.043,8,0,14.64,0.7
2,17,38264,1.6,124.265,270,15.45,-0.3
2,2,38335,-8,-62.2442,90,13.3,-0.8
2,13,38340,8,14.656,270,0.72,-4.5
2,1,38340,-8,-14.601,90,0,0
2,7,38340,-28.4528,-8,180,15.1,-0.6
2,3,38344,-1.6,-20.3877,90,7.23,-4.4
2,15,38372,8,104.078,270,12.58,-0.1
2,18,38389,1.6,179.39,270,13.2,0.6
2,16,38425,8,123.77,270,12.63,-0.9
2,19,38440,-89.5541,8,0,11.35,-0.2
2,14,38437,8,83.203,270,12.57,-0.4
2,4,38444,-1.6,-100.638,90,14.6,0.6
2,5,38486,-8,-154.836,90,13.81,0
2,20,38508,-23.6503,8,0,14.63,0
2,8,38537,73.5721,-8,180,12.85,-0.4
2,13,38540,8,14.601,270,0,0
2,3,38544,-1.6,-19.0344,90,6.33,-4.4
2,17,38564,1.6,119.627,270,15.46,1.2
2,7,38640,-32.9868,-8,180,15.11,-0.6
2,2,38735,-8,-56.9192,90,13.31,-0.3
2,13,38740,8,14.601,270,0,0
2,4,38744,-1.6,-96.2574,90,14.6,0.4
2,3,38744,-1.6,-17.8611,90,5.43,-4.4
2,15,38772,8,99.0445,270,12.58,0.1
2,5,38786,-8,-150.691,90,13.82,0.2
2,18,38789,1.6,174.111,270,13.2,0.1
2,20,38808,-19.2575,8,0,14.64,0.2
2,16,38825,8,118.715,270,12.62,-0.7
2,19,38840,-85.0121,8,0,11.35,0
2,14,38837,8,78.1713,270,12.58,0
2,17,38864,1.6,114.989,270,15.45,0
2,9,38872,89.5971,-8,180,12.86,1
2,8,38937,68.4297,-8,180,12.85,0.2
2,7,38940,-37.5208,-8,180,15.11,0.9
2,13,38940,8,14.601,270,0,0
2,3,38944,-1.6,-16.8677,90,4.53,-4.4
2,4,39044,-1.6,-91.8767,90,14.6,-0.2
2,5,39086,-8,-146.546,90,13.82,0
2,20,39108,-14.8643,8,0,14.64,0
2,2,39135,-8,-51.7037,90,12.47,-3.3
2,13,39140,8,14.601,270,0,0
2,3,39144,-1.6,-16.0544,90,3.63,-4.4
2,15,39172,8,94.0118,270,12.58,0.3
2,17,39164,1.6,110.351,270,15.46,0.9
2,18,39189,1.6,168.832,270,13.19,-0.8
2,16,39225,8,113.663,270,12.61,-1.3
2,14,39237,8,73.14,270,12.57,0.2
2,7,39240,-42.0546,-8,180,15.1,-0.2
2,9,39272,84.4538,-8,180,12.85,0
2,1,39340,-8,-14.601,90,0,0
2,8,39337,63.2875,-8,180,12.86,0.1
2,4,39344,-1.6,-87.4957,90,14.6,0
2,2,39335,-8,-49.2777,90,11.82,-3.3
2,3,39344,-1.6,-15.4211,90,2.73,-4.4
2,5,39386,-8,-142.401,90,13.81,-0.2
2,20,39408,-10.4711,8,0,14.64,0.5
2,17,39464,1.6,105.713,270,15.46,-0.5
2,7,39540,-46.5891,-8,180,15.11,0
2,2,39535,-8,-46.9826,90,11.16,-3.7
2,3,39544,-1.6,-14.9678,90,1.83,-4.4
2,15,39572,8,88.9791,270,12.58,0.2
2,18,39589,1.6,163.552,270,13.19,0.1
2,16,39625,8,108.613,270,12.61,-0.3
2,14,39637,8,68.1085,270,12.57,-0.3
2,4,39644,-1.6,-83.1145,90,14.6,0.1
2,19,39640,-75.9278,8,0,11.35,0
2,9,39672,79.31,-8,180,12.85,-0.6
2,5,39686,-8,-138.256,90,13.81,0
2,20,39708,-6.07832,8,0,14.64,0
2,8,39737,58.1452,-8,180,12.85,-0.1
2,2,39735,-8,-44.816,90,10.53,-2.7
2,3,39744,-1.6,-14.6944,90,0.93,-4.5
2,17,39764,1.6,101.075,270,15.46,0.5
2,7,39840,-51.1233,-8,180,15.11,-0.4
2,4,39944,-1.6,-78.7335,90,14.6,-0.4
2,2,39935,-8,-42.7761,90,9.89,-3.7
2,3,39944,-1.6,-14.601,90,0.03,-4.4
2,15,39972,8,83.9466,270,12.58,-0.1
2,5,39986,-8,-134.111,90,13.81,-0.5
2,18,39989,1.6,158.273,270,13.2,0.6
2,20,40008,-1.68539,8,0,14.64,0.1
2,16,40025,8,103.565,270,12.61,-0.9
2,14,40037,8,63.0769,270,12.57,0
2,19,40040,-71.3855,8,0,11.35,0
2,9,40072,74.1663,-8,180,12.85,-0.1
2,17,40064,1.6,96.4373,270,15.46,-0.1
2,21,40123,-89.5236,8,0,11.4,0.6
2,2,40135,-8,-40.86,90,9.28,-2.5
2,8,40137,53.0027,-8,180,12.85,-0.7
2,7,40140,-55.6574,-8,180,15.1,0
2,13,40140,8,14.601,270,0,0
2,3,40144,-1.6,-14.601,90,0,0
2,4,40244,-1.6,-74.3528,90,14.59,-0.9
2,5,40286,-8,-129.966,90,13.81,0.7
2,20,40308,2.70769,8,0,14.64,0.1
2,1,40340,-8,-14.601,90,0,0
2,2,40335,-4.8,-38.9726,90,9.6,2.2
2,3,40344,-1.6,-14.601,90,0,0
2,15,40372,8,78.9141,270,12.58,-0.2
2,17,40364,1.6,91.7993,270,15.45,-0.4
2,18,40389,1.6,152.993,270,13.2,0.4
2,16,40425,8,98.5189,270,12.61,-0.3
2,14,40437,8,58.0454,270,12.57,-0.2
2,7,40440,-60.1918,-8,180,15.11,-0.9
2,19,40440,-66.8435,8,0,11.35,0.5
2,9,40472,69.0228,-8,180,12.85,-0.3
2,21,40523,-84.9632,8,0,11.4,0.2
2,3,40544,-1.6,-14.601,90,0,0
2,4,40544,-1.6,-69.9719,90,14.6,-0.5
2,2,40535,-4.8,-37.0104,90,10,1.7
2,8,40537,47.8602,-8,180,12.85,-0.1
2,5,40586,-8,-125.821,90,13.81,-0.1
2,20,40608,7.10047,8,0,14.64,0.4
2,17,40664,1.6,87.1612,270,15.46,0.3
2,2,40735,-4.8,-34.9696,90,10.37,1.6
2,3,40744,-1.6,-14.601,90,0,0
2,7,40740,-64.7257,-8,180,15.11,0.9
2,15,40772,8,73.8817,270,12.58,-0.9
2,18,40789,1.6,147.713,270,13.2,0.5
2,16,40825,8,93.4736,270,12.61,0.2
2,19,40840,-62.3016,8,0,11.35,0.1
2,4,40844,-1.6,-65.5908,90,14.6,0.5
2,14,40837,8,53.0138,270,12.58,-0.1
2,9,40872,63.8796,-8,180,12.85,0.2
2,5,40886,-8,-121.676,90,13.81,-0.5
2,20,40908,11.4935,8,0,14.64,0.5
2,21,40923,-80.4052,8,0,11.38,-1.2
2,8,40937,42.7179,-8,180,12.84,-0.5
2,17,40964,1.6,82.5233,270,15.45,-0.4
2,2,41035,-4.8,-31.7597,90,11,2.1
2,7,41040,-69.2599,-8,180,15.11,0.3
2,6,41115,-8,-179.859,90,12.61,0.2
2,13,41140,8,14.601,270,0,0
2,4,41144,-1.6,-61.2101,90,14.6,0
2,14,41137,8,49.3289,270,11.82,-3.1
2,15,41172,8,68.9325,270,11.96,-1.8
2,18,41189,1.6,142.434,270,13.2,-0.3
2,5,41186,-8,-117.531,90,13.81,0.7
2,23,41190,-89.1404,1.6,0,15,0
2,16,41225,8,88.5117,270,12.06,-2.9
2,20,41208,15.8865,8,0,14.64,-0.1
2,19,41240,-57.7595,8,0,11.35,0
2,17,41264,1.6,77.8856,270,15.46,0.6
2,9,41272,58.7366,-8,180,12.84,-0.5
2,21,41323,-75.8487,8,0,11.38,-0.4
2,14,41337,8,47.0312,270,11.18,-3.2
2,1,41340,-8,-14.601,90,0,0
2,2,41335,-4.8,-28.3818,90,11.15,-4.4
2,8,41337,37.5758,-8,180,12.85,-0.4
2,7,41340,-73.7941,-8,180,15.11,-0.2
2,4,41444,-1.6,-56.9253,90,13.81,-2.8
2,15,41472,8,65.4554,270,11.24,-3
2,5,41486,-8,-113.386,90,13.81,0.7
2,23,41490,-84.6404,1.6,0,14.99,0
2,6,41515,-8,-174.812,90,12.61,0.4
2,16,41525,8,84.9697,270,11.56,-0.8
2,20,41508,20.2794,8,0,14.64,0.9
2,14,41537,8,44.8621,270,10.54,-3.1
2,2,41535,-4.8,-26.2447,90,10.25,-4.4
2,17,41564,1.6,73.2479,270,15.45,0
2,18,41589,1.6,137.154,270,13.19,0
2,4,41644,-1.6,-54.2343,90,13.13,-2.9
2,19,41640,-53.217,8,0,11.36,1.2
2,7,41640,-78.3283,-8,180,15.11,-0.9
2,9,41672,53.5933,-8,180,12.85,-0.4
2,21,41723,-71.2938,8,0,11.39,0.6
2,2,41735,-4.8,-24.2875,90,9.35,-4.4
2,3,41744,-1.6,-14.601,90,0,0
2,8,41737,32.4333,-8,180,12.85,-0.1
2,14,41737,8,42.8193,270,9.91,-2.7
2,15,41772,8,62.1866,270,10.56,-2.9
2,5,41786,-8,-109.24,90,13.81,0.1
2,11,41790,89.4234,-1.6,180,14.63,0.5
2,23,41790,-80.1403,1.6,0,14.99,-0.3
2,20,41808,24.6724,8,0,14.64,0.3
2,16,41825,8,81.5824,270,11.04,-0.6
2,4,41844,-1.6,-51.6777,90,12.46,-2.8
2,17,41864,1.6,68.6101,270,15.45,-0.3
2,22,41826,-89.7172,8,0,11.57,0.1
2,6,41915,-8,-169.766,90,12.6,-1.2
2,7,41940,-82.8629,-8,180,15.11,0.6
2,2,41935,-4.8,-22.5102,90,8.45,-4.4
2,14,41937,8,40.9005,270,9.3,-2.9
2,18,41989,1.6,131.875,270,13.19,-0.3
2,4,42044,-1.6,-49.2533,90,11.8,-4.3
2,19,42040,-48.6746,8,0,11.35,-0.3
2,5,42086,-8,-105.095,90,13.81,-0.6
2,11,42090,85.0337,-1.6,180,14.63,-0.6
2,15,42072,8,59.1196,270,9.89,-2.5
2,23,42090,-75.6403,1.6,0,14.99,-0.4
2,20,42108,29.0652,8,0,14.63,-0.4
2,9,42072,48.45,-8,180,12.86,1
2,21,42123,-66.7401,8,0,11.38,-0.1
2,16,42125,8,78.3456,270,10.54,-0.8
2,13,42140,8,14.601,270,0,0
2,2,42135,-4.8,-20.9128,90,7.55,-4.4
2,8,42137,27.2903,-8,180,12.86,0
2,14,42137,8,39.1033,270,8.7,-2.1
2,17,42164,1.6,63.9725,270,15.45,-0.6
2,22,42226,-85.0943,8,0,11.54,-0.3
2,7,42240,-87.3969,-8,180,15.1,-0.7
2,4,42244,-1.6,-46.9597,90,11.16,-3
2,6,42315,-8,-164.72,90,12.62,0.6
2,1,42340,-8,-14.601,90,0,0
2,2,42335,-4.8,-19.4954,90,6.65,-4.4
2,14,42337,4.8,37.3309,270,9.04,2.1
2,15,42372,8,56.1332,270,10.21,1.5
2,18,42389,1.6,126.596,270,13.19,0
2,23,42390,-71.1403,1.6,0,15,-0.1
2,5,42386,-8,-100.95,90,13.82,0.2
2,11,42390,80.6445,-1.6,180,14.62,-0.9
2,20,42408,33.458,8,0,14.64,0.4
2,16,42425,8,75.1521,270,10.8,0.3
2,19,42440,-44.1321,8,0,11.35,0.4
2,4,42444,-1.6,-44.7944,90,10.52,-2.2
2,17,42464,1.6,59.3343,270,15.45,0.1
2,9,42472,43.3048,-8,180,12.86,1.2
2,21,42523,-62.1874,8,0,11.38,0.9
2,8,42537,22.1454,-8,180,12.86,0
2,14,42537,4.8,35.4823,270,9.42,2
2,2,42535,-4.8,-18.258,90,5.75,-4.4
2,22,42626,-80.4788,8,0,11.52,-0.6
2,4,42644,-1.6,-42.7555,90,9.9,-2.7
2,15,42672,8,52.9804,270,10.77,1.4
2,23,42690,-66.6401,1.6,0,14.99,0.3
2,5,42686,-8,-96.8053,90,13.81,-0.2
2,11,42690,76.2547,-1.6,180,14.63,0.4
2,20,42708,37.851,8,0,14.64,0
2,16,42725,8,71.856,270,11.16,1.2
2,6,42715,-8,-159.673,90,12.61,-0.8
2,2,42735,-4.8,-17.2006,90,4.85,-4.4
2,14,42737,4.8,33.5513,270,9.84,1.5
2,3,42744,-1.6,-14.601,90,0,0
2,17,42764,1.6,54.6965,270,15.45,0
2,18,42789,1.6,121.316,270,13.2,0
2,4,42844,-1.6,-40.8406,90,9.27,-4
2,19,42840,-39.5901,8,0,11.35,0
2,9,42872,38.16,-8,180,12.86,0
2,2,42935,-4.8,-16.3232,90,3.95,-4.4
2,21,42923,-57.6363,8,0,11.38,0.9
2,8,42937,17.0006,-8,180,12.86,0
2,15,42972,8,49.6554,270,11.36,2.3
2,23,42990,-62.1405,1.6,0,14.99,0.2
2,5,42986,-8,-92.6604,90,13.81,0
2,11,42990,71.865,-1.6,180,14.63,0.5
2,20,43008,42.2443,8,0,14.64,0.4
2,22,43026,-75.8714,8,0,11.5,0
2,4,43044,-1.6,-39.0475,90,8.68,-2.5
2,14,43037,4.8,30.5063,270,10.42,1.9
2,17,43064,1.6,50.0588,270,15.45,-0.1
2,16,43125,8,67.2874,270,11.56,-2.5
2,6,43115,-8,-154.627,90,12.61,0.2
2,2,43135,-4.8,-15.6258,90,3.05,-4.4
2,13,43140,8,14.601,270,0,0
2,18,43189,1.6,116.037,270,13.19,0.4
2,4,43244,-1.6,-37.3732,90,8.08,-3.3
2,19,43240,-35.0481,8,0,11.35,0.6
2,15,43272,8,46.2562,270,10.96,-3
2,9,43272,33.0154,-8,180,12.86,1.1
2,23,43290,-57.6403,1.6,0,15,0
2,5,43286,-8,-88.5153,90,13.81,0
2,11,43290,67.4756,-1.6,180,14.63,0.4
2,20,43308,46.6372,8,0,14.64,-0.5
2,2,43335,-4.8,-15.1084,90,2.15,-4.4
2,21,43323,-53.0864,8,0,11.37,0.3
2,1,43340,-8,-14.601,90,0,0
2,14,43337,4.8,27.2964,270,10.71,-4.4
2,8,43337,11.8564,-8,180,12.85,0.3
2,17,43364,1.6,45.4206,270,15.46,0.7
2,22,43426,-71.2706,8,0,11.5,1.6
2,16,43425,8,63.9232,270,10.87,-2.5
2,4,43444,-1.6,-35.8149,90,7.52,-2.1
2,15,43472,8,44.1318,270,10.32,-2.6
2,9,43472,30.5308,-8,180,11.99,-4.4
2,6,43515,-8,-149.581,90,12.61,0.2
2,12,43514,89.2398,-1.6,180,14,-0.6
2,2,43535,-4.8,-14.771,90,1.25,-4.4
2,14,43537,4.8,25.2486,270,9.81,-4.4
2,18,43589,1.6,110.757,270,13.2,0.5
2,5,43586,-8,-84.3704,90,13.82,0.5
2,23,43590,-53.1403,1.6,0,14.99,-0.9
2,11,43590,63.0859,-1.6,180,14.63,0.3
2,20,43608,51.0301,8,0,14.64,-0.3
2,19,43640,-30.5058,8,0,11.35,-0.6
2,4,43644,-1.6,-34.3695,90,6.96,-2.7
2,15,43672,8,42.1328,270,9.69,-3.5
2,9,43672,28.2262,-8,180,11.09,-4.4
2,21,43723,-48.5366,8,0,11.37,0.4
2,16,43725,8,60.7641,270,10.2,-2.6
2,2,43735,-4.8,-14.6136,90,0.35,-4.4
2,17,43664,1.6,40.7838,270,15.37,-4.4
2,14,43737,4.8,23.3808,270,8.91,-4.4
2,8,43737,6.71411,-8,180,12.85,-0.2
2,22,43826,-66.6762,8,0,11.43,-2.1
2,12,43814,85.0379,-1.6,180,14,-0.6
2,4,43844,-1.6,-33.0335,90,6.43,-2.6
2,15,43872,8,40.2573,270,9.08,-3
2,17,43864,1.6,37.8039,270,14.47,-4.4
2,9,43872,26.1016,-8,180,10.19,-4.4
2,5,43886,-8,-80.2254,90,13.81,-0.2
2,23,43890,-48.6398,1.6,0,15,0.8
2,11,43890,58.6957,-1.6,180,14.63,0
2,20,43908,55.4232,8,0,14.63,-1
2,6,43915,-8,-144.534,90,12.61,-0.1
2,24,43914,-88.8077,1.6,0,13.91,-0.3
2,2,43935,-4.8,-14.601,90,0,0
2,19,43940,-27.1578,8,0,10.65,-4.4
2,14,43937,4.8,21.6931,270,8.01,-4.4
2,18,43989,1.6,105.477,270,13.19,-0.7
2,21,44023,-45.2108,8,0,10.64,-3.7
2,16,44025,8,57.8028,270,9.55,-1.4
2,4,44044,-1.6,-31.8035,90,5.9,-3.3
2,15,44072,8,38.5021,270,8.49,-3.5
2,17,44064,1.6,35.0038,270,13.57,-4.4
2,9,44072,24.157,-8,180,9.29,-4.4
2,12,44114,80.8363,-1.6,180,14,-0.4
2,22,44126,-63.3507,8,0,10.75,-2
2,19,44140,-25.1217,8,0,9.75,-4.4
2,14,44137,4.8,20.1853,270,7.11,-4.4
2,5,44186,-8,-76.0807,90,13.81,-0.4
2,23,44190,-44.1401,1.6,0,14.99,0.2
2,11,44190,54.3063,-1.6,180,14.63,-0.4
2,20,44208,59.8161,8,0,14.63,-0.9
2,24,44214,-84.6331,1.6,0,13.92,0.8
2,21,44223,-43.1475,8,0,10.02,-2.6
2,4,44244,-1.6,-30.676,90,5.4,-2.4
2,15,44272,8,36.8648,270,7.91,-2.6
2,17,44264,1.6,32.3837,270,12.67,-4.4
2,9,44272,22.3922,-8,180,8.39,-4.4
2,6,44315,-8,-139.488,90,12.61,0.5
2,1,44340,-8,-14.601,90,0,0
2,14,44337,4.8,18.8575,270,6.21,-4.4
2,19,44340,-23.2655,8,0,8.85,-4.4
2,2,44335,-4.8,-14.601,90,0,0
2,18,44389,1.6,100.198,270,13.2,1
2,12,44414,76.6345,-1.6,180,14,0.3
2,21,44423,-41.2085,8,0,9.4,-2.2
2,22,44426,-60.2282,8,0,10.09,-2.5
2,4,44444,-1.6,-29.647,90,4.91,-2.3
2,17,44464,1.6,29.9436,270,11.77,-4.4
2,15,44472,8,35.3424,270,7.33,-3.1
2,5,44486,-8,-71.9355,90,13.82,0.7
2,9,44472,20.8075,-8,180,7.49,-4.4
2,23,44490,-39.6398,1.6,0,15,0.2
2,20,44508,64.2092,8,0,14.64,-0.3
2,24,44514,-80.4584,1.6,0,13.91,0
2,14,44537,4.8,17.7097,270,5.31,-4.4
2,19,44540,-21.5894,8,0,7.95,-4.4
2,11,44490,49.9169,-1.6,180,14.63,0.2
2,21,44623,-39.3914,8,0,8.8,-3
2,16,44625,8,52.4454,270,8.33,-1.1
2,4,44644,-1.6,-28.7125,90,4.46,-2.2
2,17,44664,1.6,27.6834,270,10.87,-4.4
2,15,44672,8,33.932,270,6.79,-2.1
2,9,44672,19.4028,-8,180,6.59,-4.4
2,23,44690,-36.7276,1.6,0,14.13,-4.4
2,12,44714,72.4329,-1.6,180,14,-0.3
2,6,44715,-8,-134.442,90,12.61,-0.3
2,22,44726,-57.3021,8,0,9.44,-2.1
2,14,44737,4.8,16.7418,270,4.41,-4.4
2,19,44740,-20.0933,8,0,7.05,-4.4
2,3,44744,-1.6,-14.601,90,0,0
2,5,44786,-8,-67.7906,90,13.81,0.8
2,18,44789,1.6,94.9183,270,13.2,-0.1
2,11,44790,45.5271,-1.6,180,14.63,0.5
2,20,44808,68.6024,8,0,14.64,-0.1
2,24,44814,-76.2839,1.6,0,13.9,-0.6
2,21,44823,-37.6938,8,0,8.2,-3.2
2,17,44864,1.6,25.6033,270,9.97,-4.4
2,15,44872,8,32.6301,270,6.26,-2.3
2,9,44872,18.178,-8,180,5.69,-4.4
2,23,44890,-33.9953,1.6,0,13.23,-4.4
2,14,44937,4.8,15.9539,270,3.51,-4.4
2,19,44940,-18.7772,8,0,6.15,-4.4
2,4,44944,-1.6,-27.4773,90,3.8,-2.9
2,16,44925,8,50.036,270,7.75,-1.2
2,21,45023,-36.1125,8,0,7.63,-2.8
2,22,45026,-54.5658,8,0,8.83,-1.1
2,12,45014,68.2315,-1.6,180,14,0
2,17,45064,1.6,23.6847,270,9.53,2
2,15,45072,8,31.4328,270,5.74,-2.2
2,5,45086,-8,-63.6455,90,13.81,-0.5
2,9,45072,17.1333,-8,180,4.79,-4.4
2,23,45090,-31.443,1.6,0,12.33,-4.4
2,11,45090,41.1376,-1.6,180,14.62,-0.8
2,20,45108,72.9954,8,0,14.64,-0.2
2,24,45114,-72.1091,1.6,0,13.91,0.4
2,6,45115,-8,-129.396,90,12.61,-0.4
2,14,45137,4.8,15.2776,270,3.53,2.1
2,19,45140,-17.6411,8,0,5.25,-4.4
2,13,45140,8,14.5703,270,0.38,2.5
2,18,45189,1.6,89.6386,270,13.19,0.1
2,21,45223,-34.645,8,0,7.07,-2.5
2,16,45225,8,47.797,270,7.2,-2
2,2,45235,-4.8,-14.5246,90,0.6,2.3
2,1,45240,-8,-14.5182,90,0.63,2.5
2,4,45244,-1.6,-26.4226,90,3.27,-1.5
2,3,45244,-1.6,-14.5186,90,0.62,2.5
2,17,45264,1.6,21.7378,270,9.93,2.3
2,9,45272,16.2685,-8,180,3.89,-4.4
2,15,45272,8,30.3312,270,5.3,-2.8
2,23,45290,-29.0707,1.6,0,11.43,-4.4
2,12,45314,64.0296,-1.6,180,14,-0.6
2,22,45326,-52.0123,8,0,8.21,-3.2
2,14,45337,4.8,14.5299,270,3.92,2.1
2,19,45340,-16.685,8,0,4.35,-4.4
2,8,45337,-13.8546,-8,180,12.85,-0.6
2,11,45390,36.7764,-1.6,180,14.14,-4.4
2,5,45386,-8,-59.5003,90,13.81,0.2
2,24,45414,-67.9346,1.6,0,13.9,-0.2
2,20,45408,77.3883,8,0,14.63,-0.6
2,21,45423,-33.2877,8,0,6.52,-2.7
2,13,45440,8,14.3427,270,1.1,2.5
2,17,45464,1.6,19.7216,270,9.98,-4.4
2,9,45472,15.5838,-8,180,2.99,-4.4
2,15,45472,8,29.3078,270,4.95,-2
2,23,45490,-26.8784,1.6,0,10.53,-4.4
2,6,45515,-8,-124.35,90,12.61,0.6
2,16,45525,8,45.707,270,6.75,-0.9
2,14,45537,4.8,13.7033,270,4.32,2.2
2,2,45535,-4.8,-14.2321,90,1.31,2.3
2,1,45540,-8,-14.2184,90,1.32,2.3
2,19,45540,-15.9089,8,0,3.45,-4.4
2,4,45544,-1.6,-25.4907,90,2.97,-1.3
2,3,45544,-1.6,-14.2213,90,1.31,2
2,11,45590,34.0411,-1.6,180,13.24,-4.4
2,18,45589,1.6,84.3591,270,13.19,-1
2,12,45614,59.8275,-1.6,180,14,0.8
2,21,45623,-32.0372,8,0,6,-2.8
2,22,45626,-49.6349,8,0,7.64,-2.2
2,9,45672,15.0791,-8,180,2.09,-4.4
2,15,45672,8,28.3452,270,4.69,-1.6
2,5,45686,-8,-55.3622,90,13.62,-3.9
2,23,45690,-24.8661,1.6,0,9.63,-4.4
2,17,45664,1.6,17.819,270,9.08,-4.4
2,20,45708,81.7814,8,0,14.63,-1.1
2,24,45714,-63.76,1.6,0,13.91,-0.8
2,13,45740,8,13.9036,270,1.78,2.1
2,19,45740,-15.3128,8,0,2.55,-4.4
2,8,45737,-18.9967,-8,180,12.86,1
2,11,45790,31.4859,-1.6,180,12.34,-4.4
2,21,45823,-30.8898,8,0,5.49,-2.9
2,16,45825,8,43.7405,270,6.37,-1.2
2,14,45837,4.8,12.3141,270,4.9,2.5
2,2,45835,-4.8,-13.7359,90,1.97,2.2
2,1,45840,-8,-13.7167,90,1.99,2
2,4,45844,-1.6,-24.6146,90,2.89,0
2,3,45844,-1.6,-13.7217,90,1.98,2
2,17,45864,1.6,16.0963,270,8.18,-4.4
2,9,45872,14.7543,-8,180,1.19,-4.4
2,5,45886,-8,-52.6921,90,13.09,-3.2
2,23,45890,-23.0338,1.6,0,8.73,-4.4
2,12,45914,55.6664,-1.6,180,13.49,-3
2,6,45915,-8,-119.304,90,12.62,0.4
2,22,45926,-47.4276,8,0,7.08,-2.2
2,11,45990,29.1105,-1.6,180,11.44,-4.4
2,18,45989,1.6,79.0798,270,13.2,0.5
2,20,46008,86.1745,8,0,14.63,-0.7
2,21,46023,-29.842,8,0,5,-3.5
2,24,46014,-59.5852,1.6,0,13.91,0.9
2,13,46040,8,13.271,270,2.41,2.3
2,17,46064,1.6,14.5535,270,7.28,-4.4
2,9,46072,14.6094,-8,180,0.29,-4.4
2,23,46090,-21.3815,1.6,0,7.83,-4.4
2,5,46086,-8,-50.1249,90,12.59,-3
2,12,46114,53.0374,-1.6,180,12.82,-3.6
2,16,46125,8,41.8754,270,6.08,-0.3
2,8,46137,-24.138,-8,180,12.85,0
2,14,46137,4.8,10.7514,270,5.48,2.3
2,2,46135,-4.8,-13.0526,90,2.57,1.8
2,1,46140,-8,-13.0253,90,2.58,2.3
2,4,46144,-1.6,-23.7396,90,2.96,0.6
2,19,46140,-14.6605,8,0,0.75,-4.5
2,3,46144,-1.51955,-13.038,89,2.58,2.1
2,11,46190,26.915,-1.6,180,10.54,-4.4
2,21,46223,-28.8889,8,0,4.54,-2.3
2,22,46226,-45.384,8,0,6.55,-1
2,17,46264,1.542,13.1948,269.3,6.38,-4.4
2,9,46272,14.601,-8,180,0,0
2,23,46290,-19.9092,1.6,0,6.93,-4.4
2,5,46286,-8,-47.6535,90,12.14,-2.4
2,24,46314,-55.446,1.6,0,13.44,-3.4
2,6,46315,-8,-114.257,90,12.61,-0.6
2,12,46314,50.5421,-1.6,180,12.15,-3.3
2,13,46340,8,12.4535,270,3.02,1.9
2,19,46340,-14.601,8,0,0,0
2,11,46390,24.8996,-1.6,180,9.64,-4.4
2,18,46389,1.6,73.8002,270,13.2,0
2,14,46437,4.8,9.02114,270,6.04,2.4
2,21,46423,-28.0266,8,0,4.1,-2.1
2,2,46435,-4.8,-12.189,90,3.16,1.8
2,1,46440,-8,-12.1561,90,3.16,2.1
2,3,46444,-1.39739,-12.1846,87.6,3.15,1.5
2,17,46464,1.37439,12.0239,267.4,5.48,-4.4
2,9,46472,14.601,-8,180,0,0
2,23,46490,-18.6169,1.6,0,6.03,-4.4
2,5,46486,-8,-45.2694,90,11.71,-2.9
2,12,46514,48.1783,-1.6,180,11.5,-3.9
2,24,46514,-52.8281,1.6,0,12.76,-3.3
2,8,46537,-29.2802,-8,180,12.86,0.3
2,22,46526,-43.4983,8,0,6.03,-1.9
2,19,46540,-14.601,8,0,0,0
2,11,46590,23.0641,-1.6,180,8.74,-4.4
2,13,46640,8,11.449,270,3.63,1.5
2,17,46664,1.23228,11.0311,265.7,4.58,-4.4
2,15,46672,8,23.9249,270,4.41,0.8
2,9,46672,14.601,-8,180,0,0
2,23,46690,-17.5045,1.6,0,5.13,-4.4
2,12,46714,45.9443,-1.6,180,10.86,-2.9
2,6,46715,-8,-109.212,90,12.6,-0.1
2,24,46714,-50.3437,1.6,0,12.11,-2.5
2,14,46737,4.8,7.11287,270,6.64,1.9
2,21,46723,-26.8933,8,0,3.48,-2
2,2,46735,-4.8,-11.1511,90,3.76,1.6
2,19,46740,-14.601,8,0,0,0
2,1,46740,-8,-11.1147,90,3.74,1.4
2,3,46744,-1.25031,-11.1571,85.9,3.73,1.9
2,5,46786,-8,-41.8381,90,11.18,-1.6
2,11,46790,21.4086,-1.6,180,7.84,-4.4
2,18,46789,1.6,68.5208,270,13.2,0.7
2,16,46825,8,37.7857,270,5.68,0.1
2,22,46826,-41.7655,8,0,5.53,-2.1
2,4,46844,-1.6,-21.4934,90,3.54,2.3
2,17,46864,1.11568,10.2166,264.4,3.68,-4.4
2,23,46890,-16.5721,1.6,0,4.23,-4.4
2,12,46914,43.8376,-1.6,180,10.23,-2.5
2,24,46914,-47.9905,1.6,0,11.46,-3
2,8,46937,-34.4228,-8,180,12.85,0.1
2,19,46940,-14.601,8,0,0,0
2,13,46940,8,10.2695,270,4.2,1.5
2,11,46990,19.9332,-1.6,180,6.94,-4.4
2,14,47037,4.8,5.0282,270,7.23,2
2,21,47023,-25.9371,8,0,2.92,-1.2
2,2,47035,-4.8,-9.92944,90,4.35,1.5
2,1,47040,-8,-9.90387,90,4.31,1.3
2,3,47044,-1.08785,-10.0222,84.1,3.43,-4.4
2,17,47064,1.02459,9.58024,263.3,2.78,-4.4
2,23,47090,-15.8198,1.6,0,3.33,-4.4
2,5,47086,-8,-38.5568,90,10.72,-1.5
2,12,47114,41.8562,-1.6,180,9.61,-2.4
2,6,47115,-8,-104.166,90,12.61,0
2,24,47114,-45.767,1.6,0,10.81,-3.3
2,22,47126,-40.1795,8,0,5.05,-2.2
2,11,47190,18.6377,-1.6,180,6.04,-4.4
2,18,47189,1.6,63.241,270,13.2,0.6
2,4,47244,-1.6,-20.154,90,3,-1.4
2,13,47240,8,8.91655,270,4.79,1.3
2,17,47264,0.959009,9.12209,262.6,1.88,-4.4
2,23,47290,-15.2474,1.6,0,2.43,-4.4
2,3,47244,-1.00384,-9.43528,83.1,2.53,-4.4
2,24,47314,-43.671,1.6,0,10.17,-3.3
2,21,47323,-25.1403,8,0,2.42,-1
2,12,47314,39.9978,-1.6,180,8.99,-3.3
2,14,47337,4.8,2.76964,270,7.8,2.4
2,2,47335,-4.8,-8.53369,90,4.93,1.7
2,1,47340,-8,-8.52351,90,4.89,2.5
2,15,47372,8,20.6682,270,5,2.1
2,8,47337,-39.5651,-8,180,12.86,-0.1
2,5,47386,-8,-35.3904,90,10.54,1.6
2,11,47390,17.5222,-1.6,180,5.14,-4.4
2,3,47444,-0.94534,-9.0266,82.4,1.63,-4.4
2,17,47464,0.918938,8.84216,262.1,0.98,-4.5
2,22,47426,-38.7362,8,0,4.59,-1.8
2,23,47490,-14.855,1.6,0,1.53,-4.4
2,24,47514,-41.7,1.6,0,9.55,-4
2,6,47515,-8,-99.1194,90,12.62,0.4
2,12,47514,38.2598,-1.6,180,8.41,-1.9
2,16,47525,8,33.818,270,5.79,1.2
2,13,47540,8,7.39202,270,5.36,1.6
2,4,47544,-1.6,-19.3355,90,2.48,-2.1
2,18,47589,1.6,57.9616,270,13.19,-0.5
2,11,47590,16.5867,-1.6,180,4.24,-4.4
2,21,47623,-24.4855,8,0,1.97,-0.9
2,14,47637,4.8,0.334777,270,8.38,1.7
2,2,47635,-4.8,-6.95754,90,5.53,2.3
2,3,47644,-0.912348,-8.79612,82,0.73,-4.5
2,1,47640,-8,-6.96895,90,5.46,2
2,17,47664,0.904373,8.74041,262,0.08,-4.4
2,9,47672,14.601,-8,180,0,0
2,5,47686,-8,-32.1327,90,11.14,1.7
2,15,47672,8,19.0748,270,5.61,1.9
2,23,47690,-14.6426,1.6,0,0.63,-4.5
2,24,47714,-39.8512,1.6,0,8.95,-2.7
2,22,47726,-37.4302,8,0,4.14,-1.3
2,12,47714,36.6396,-1.6,180,7.82,-2.1
2,8,47737,-44.7079,-8,180,12.85,-0.4
2,11,47790,15.8312,-1.6,180,3.34,-4.4
2,3,47844,-0.904313,-8.73999,82,0,0
2,13,47840,8,5.69167,270,5.94,1.9
2,4,47844,-1.6,-18.6617,90,2.03,-1.4
2,17,47864,0.904313,8.73999,262,0,0
2,23,47890,-14.601,1.6,0,0,0
2,24,47914,-38.123,1.6,0,8.35,-2.7
2,6,47915,-8,-94.0734,90,12.61,-0.4
2,21,47923,-23.9546,8,0,1.58,-1.2
2,12,47914,35.1339,-1.6,180,7.25,-2.4
2,14,47937,4.8,-2.27027,270,8.96,1.9
2,19,47940,-14.601,8,0,0,0
2,1,47940,-8,-5.2393,90,6.05,2.4
2,2,47935,-4.8,-5.19862,90,6.15,2.1
2,5,47986,-8,-28.7174,90,11.29,-4.4
2,15,47972,8,17.3743,270,5.64,1
2,11,47990,15.2557,-1.6,180,2.44,-4.4
2,18,47989,1.6,52.682,270,13.2,0.5
2,3,48044,-0.904313,-8.73999,82,0,0
2,17,48064,0.904313,8.73999,262,0,0
2,23,48090,-14.601,1.6,0,0,0
2,24,48114,-36.5121,1.6,0,7.77,-3.3
2,8,48137,-49.8498,-8,180,12.85,0.2
2,13,48140,8,3.8193,270,6.52,2.2
2,12,48114,33.7389,-1.6,180,6.7,-3.3
2,4,48144,-1.6,-18.1139,90,1.64,-0.7
2,22,48126,-35.8952,8,0,3.55,-1
2,5,48186,-8,-26.5531,90,10.39,-4.4
2,11,48190,14.8602,-1.6,180,1.54,-4.4
2,21,48223,-23.5294,8,0,1.26,-0.7
2,16,48225,8,29.6552,270,6.08,0.1
2,2,48235,-4.8,-3.25627,90,6.75,1.3
2,1,48240,-8,-3.33366,90,6.64,2.5
2,3,48244,-0.904313,-8.73999,82,0,0
2,17,48264,0.904313,8.73999,262,0,0
2,14,48237,4.8,-5.0484,270,9.54,2.2
2,15,48272,8,15.6145,270,6.06,0.9
2,23,48290,-14.601,1.6,0,0,0
2,12,48314,32.4526,-1.6,180,6.18,-2
2,6,48315,-8,-89.0274,90,12.62,1.1
2,24,48314,-35.0151,1.6,0,7.21,-3.2
2,5,48386,-8,-24.5551,90,9.89,2.4
2,11,48390,14.6448,-1.6,180,0.64,-4.5
2,18,48389,1.6,47.4173,270,12.9,-2.6
2,13,48440,8,1.77616,270,7.08,1.3
2,4,48444,-1.6,-17.6745,90,1.3,-0.5
2,3,48444,-0.904313,-8.73999,82,0,0
2,17,48464,0.904313,8.73999,262,0,0
2,23,48490,-14.601,1.6,0,0,0
2,12,48514,31.2705,-1.6,180,5.67,-2.1
2,24,48514,-33.6296,1.6,0,6.66,-2.5
2,22,48526,-34.5849,8,0,3.01,-0.7
2,8,48537,-54.9922,-8,180,12.85,-1
2,2,48535,-4.8,-1.14016,90,7.34,1.6
2,14,48537,4.8,-8.00453,270,10.11,2
2,1,48540,-8,-1.25602,90,7.19,2.4
2,15,48572,8,13.7056,270,6.64,1.6
2,5,48586,-8,-22.5396,90,10.24,1.4
2,11,48590,14.601,-1.6,180,0,0
2,18,48589,1.6,44.9071,270,12.23,-2.9
2,17,48664,0.904313,8.73999,262,0,0
2,9,48672,14.601,-8,180,0,0
2,23,48690,-14.601,1.6,0,0,0
2,12,48714,30.1891,-1.6,180,5.18,-1.4
2,6,48715,-8,-83.9808,90,12.61,-1
2,24,48714,-32.3517,1.6,0,6.14,-2
2,16,48725,8,26.4755,270,6.68,2
2,13,48740,8,-0.435481,270,7.65,2.5
2,4,48744,-1.6,-17.3265,90,1.02,-1
2,5,48786,-8,-20.4658,90,10.21,-4.4
2,11,48790,14.601,-1.6,180,0,0
2,18,48789,1.6,42.5286,270,11.58,-3.1
2,2,48835,-4.8,1.15312,90,7.93,2.5
2,1,48840,-8,0.991316,90,7.76,2.2
2,14,48837,4.8,-11.1247,270,10.67,1.7
2,15,48872,8.27892,11.6476,273.2,7.04,-0.7
2,23,48890,-14.601,1.6,0,0,0
2,12,48914,29.2041,-1.6,180,4.69,-2.7
2,24,48914,-31.178,1.6,0,5.62,-2.1
2,21,48923,-22.8573,8,0,0.7,-0.3
2,8,48937,-60.1343,-8,180,12.85,-0.7
2,22,48926,-33.4851,8,0,2.5,-1.5
2,19,48940,-14.601,8,0,0,0
2,5,48986,-8,-18.5176,90,9.31,-4.4
2,11,48990,14.601,-1.6,180,0,0
2,18,48989,1.6,40.2799,270,10.93,-4.1
2,13,49040,8,-2.82393,270,8.24,1.6
2,15,49072,8.8166,10.3723,279.5,7.04,0.4
2,23,49090,-14.601,1.6,0,0,0
2,6,49115,-8,-78.9341,90,12.62,0.5
2,24,49114,-30.1044,1.6,0,5.13,-1.6
2,12,49114,28.3109,-1.6,180,4.25,-2.4
2,2,49135,-4.8,3.62714,90,8.53,1.3
2,1,49140,-8,3.40458,90,8.32,2.3
2,14,49137,4.8,-14.4112,270,11.23,2.2
2,15,49172,9.17911,9.76814,283.9,7.04,-0.1
2,5,49186,-8,-16.7494,90,8.41,-4.4
2,11,49190,14.601,-1.6,180,0,0
2,18,49189,1.6,38.1591,270,10.29,-3.8
2,16,49225,8,23.0922,270,6.79,0.3
2,15,49272,9.63613,9.25832,289.7,7.04,0
2,24,49314,-29.1271,1.6,0,4.66,-2
2,12,49314,27.5058,-1.6,180,3.82,-2.2
2,8,49337,-65.2764,-8,180,12.85,-0.1
2,22,49326,-32.58,8,0,2.04,-1.1
2,13,49340,8,-5.38369,270,8.82,2.5
2,15,49372,10.2403,8.89585,297.2,7.05,0.1
2,5,49386,-8,-15.1611,90,7.51,-4.4
2,18,49389,1.6,36.164,270,9.67,-3.2
2,2,49435,-4.8,6.2754,90,9.09,2.3
2,1,49440,-8,5.99227,90,8.91,1.5
2,3,49444,-0.904313,-8.73999,82,0,0
2,14,49437,4.8,-17.8697,270,11.79,1.6
2,15,49472,10.8445,8.5333,304.5,7.04,0.5
2,6,49515,-8,-73.8879,90,12.61,-0.4
2,24,49514,-28.2416,1.6,0,4.21,-2.7
2,12,49514,26.7837,-1.6,180,3.42,-1.4
2,4,49544,-1.6,-16.7311,90,0.51,-0.4
2,15,49572,11.4949,8.30073,313.3,7.04,0.5
2,5,49586,-8,-13.7529,90,6.61,-4.4
2,18,49589,1.6,34.292,270,9.07,-2.8
2,21,49623,-22.49,8,0,0.37,-0.4
2,13,49640,8,-8.1239,270,9.43,2.3
2,15,49672,12.1926,8.20105,323,7.04,-0.5
2,17,49664,0.904313,8.73999,262,0,0
2,9,49672,14.601,-8,180,0,0
2,22,49726,-31.8504,8,0,1.63,-0.4
2,8,49737,-70.4191,-8,180,12.85,-0.2
2,2,49735,-4.8,9.09275,90,9.67,1.5
2,1,49740,-8,8.74976,90,9.46,1.4
2,24,49714,-27.4436,1.6,0,3.79,-1.9
2,16,49725,8,19.6827,270,6.84,1.1
2,15,49772,12.89,8.10143,330.4,7.03,0
2,5,49786,-8.1617,-12.4681,91.8,6.46,0
2,18,49789,1.6,32.5404,270,8.47,-2.5
2,14,49737,4.8,-21.499,270,12.38,2.3
2,12,49814,25.845,-1.6,180,2.85,-1.9
2,15,49872,13.5873,8.00182,337.6,7.04,0.3
2,24,49914,-26.7282,1.6,0,3.38,-1.9
2,6,49915,-8,-68.8419,90,12.61,0.1
2,13,49940,8,-11.0459,270,10,2.4
2,19,49940,-14.601,8,0,0,0
2,15,49972,14.2995,8,344.7,7.2,1.3
2,5,49986,-8.34475,-11.1868,93.9,6.47,0.1
2,18,49989,1.6,30.9066,270,7.89,-2
2,2,50035,-4.8,12.09,90,10.27,1.7
2,14,50037,4.8,-25.2629,270,12.58,0.3
2,15,50072,15.0311,8,349.2,7.4,1.7
2,1,50040,-8,11.6847,90,10.05,1.4
2,23,50090,-14.601,1.6,0,0,0
2,12,50114,25.0646,-1.6,180,2.36,-2
2,22,50126,-31.2742,8,0,1.26,-1
2,8,50137,-75.5615,-8,180,12.84,-0.2
2,15,50172,15.782,8,353.8,7.6,2.3
2,5,50186,-8.99688,-10.0719,101.7,6.46,0.2
2,11,50190,14.601,-1.6,180,0,0
2,18,50189,1.6,29.3879,270,7.32,-2.1
2,24,50214,-25.7987,1.6,0,2.83,-2.2
2,16,50225,8,16.1853,270,7.29,2.3
2,13,50240,8,-14.1409,270,10.61,2.4
2,15,50272,16.5516,8,356.6,7.77,2
2,5,50286,-9.32991,-9.51681,105.7,6.47,0.4
2,21,50323,-22.2977,8,0,0.19,-0.1
2,6,50315,-8,-63.7956,90,12.62,0.3
2,1,50340,-8,14.7948,90,10.66,2.2
2,2,50335,-4.8,15.2652,90,10.87,1.7
2,4,50344,-1.6,-16.4405,90,0.24,-0.2
2,14,50337,4.8,-29.0365,270,12.57,-0.1
2,15,50372,17.3385,8,357.9,7.94,2.1
2,5,50386,-9.8382,-9.13708,112.4,6.46,-0.2
2,18,50389,1.6,27.9808,270,6.77,-2.5
2,12,50414,24.4238,-1.6,180,1.92,-2.2
2,3,50444,-0.904313,-8.73999,82,0,0
2,15,50472,18.1451,8,359.2,8.16,2
2,5,50486,-10.3932,-8.80405,119,6.46,-0.3
2,24,50514,-25.026,1.6,0,2.34,-1.4
2,8,50537,-80.7041,-8,180,12.86,0.7
2,13,50540,8,-17.4157,270,11.17,1.5
2,5,50586,-10.9482,-8.47105,125.8,6.46,-0.8
2,18,50589,1.6,26.6822,270,6.23,-2.5
2,16,50625,8.04335,13.2965,270.4,6.76,-0.3
2,1,50640,-8,18.0819,90,11.23,2.3
2,14,50637,4.8,-32.8104,270,12.57,-0.1
2,17,50664,0.904313,8.73999,262,0,0
2,9,50672,14.601,-8,180,0,0
2,5,50686,-11.558,-8.29171,134.3,6.47,-0.1
2,2,50635,-4.8,18.6175,90,11.46,2
2,12,50714,23.9049,-1.6,180,1.55,-1.2
2,6,50715,-8,-58.7492,90,12.61,0.1
2,15,50772,20.6821,8,0,8.72,1.5
2,18,50789,1.6,25.4886,270,5.72,-2.1
2,5,50786,-12.1988,-8.20017,143.1,6.47,0
2,24,50814,-24.3924,1.6,0,1.9,-1.2
2,13,50840,8,-20.8613,270,11.76,1.4
2,3,50844,-0.89138,-8.64964,81.8,0.67,2.6
2,5,50886,-12.8396,-8.10863,149.9,6.47,0.2
2,22,50926,-30.4918,8,0,0.73,-0.4
2,2,50935,-4.8,22.1502,90,12.05,1.4
2,19,50940,-14.601,8,0,0,0
2,1,50940,-8,21.5394,90,11.8,2.4
2,8,50937,-85.8463,-8,180,12.85,-0.1
2,18,50989,1.6,24.3958,270,5.22,-2
2,5,50986,-13.4802,-8.01712,156.5,6.46,0.1
2,21,51023,-22.1998,8,0,0.09,0
2,16,51025,8.62674,10.6888,277.2,6.75,-1
2,14,51037,4.8,-37.8421,270,12.58,0.5
2,15,51072,23.3866,8,0,9.29,1.3
2,5,51086,-14.1334,-8,163.6,6.62,1.5
2,24,51114,-23.8793,1.6,0,1.53,-1.1
2,16,51125,8.97482,10.1086,281.4,6.76,0.3
2,4,51144,-1.6,-16.2101,90,0.57,1.3
2,23,51090,-14.601,1.6,0,0,0
2,6,51115,-8,-53.7031,90,12.61,-0.4
2,13,51140,8,-24.4705,270,12.3,2.3
2,3,51144,-0.847328,-8.33952,81.8,1.37,2.5
2,18,51189,1.6,23.3998,270,4.76,-1.2
2,5,51186,-14.8067,-8,167.8,6.81,1.4
2,11,51190,14.601,-1.6,180,0,0
2,12,51214,23.2629,-1.6,180,1.05,-0.8
2,2,51235,-4.8,25.8563,90,12.63,1.8
2,16,51225,9.32287,9.52856,285.6,6.75,-0.5
2,1,51240,-8,25.1751,90,12.39,1.3
2,5,51286,-15.4987,-8,172.1,7.02,2.4
2,16,51325,9.85149,9.1291,292.6,6.75,-0.5
2,15,51372,26.2643,8,0,9.87,1.7
2,18,51389,1.6,22.4968,270,4.3,-1.9
2,5,51386,-16.2118,-8,176.1,7.22,1.5
2,16,51425,10.4315,8.7811,299.5,6.76,0
2,14,51437,4.8,-42.874,270,12.58,-0.1
2,3,51444,-0.774746,-7.82842,81.8,2.03,1.9
2,13,51440,8,-28.2598,270,12.93,1.5
2,5,51486,-16.9446,-8,177.3,7.42,2.4
2,6,51515,-8,-48.6566,90,12.61,-0.9
2,2,51535,-4.8,29.7389,90,13.23,2.1
2,16,51525,11.0117,8.433,306.6,6.76,-0.5
2,1,51540,-8,28.9858,90,13.01,2.2
2,4,51544,-1.6,-15.8608,90,1.17,1.3
2,5,51586,-17.6977,-8,178.5,7.61,1.7
2,16,51625,11.6601,8.27713,315.8,6.75,-1.1
2,17,51664,0.904313,8.73999,262,0,0
2,15,51672,29.3133,8,0,10.43,2.5
2,18,51689,1.6,21.3062,270,3.66,-1.6
2,24,51714,-23.1463,1.6,0,0.95,-0.8
2,22,51726,-30.0564,8,0,0.39,-0.2
2,12,51714,22.8352,-1.6,180,0.68,-0.8
2,9,51672,14.601,-8,180,0,0
2,16,51725,12.33,8.18144,324.5,6.76,-0.8
2,3,51744,-0.675408,-7.12892,81.8,2.66,2.1
2,13,51740,8,-32.2269,270,13.48,1.3
2,2,51835,-4.8,33.7313,90,13.31,0.3
2,16,51825,12.9997,8.08576,331.5,6.77,1.1
2,1,51840,-8,32.9823,90,13.62,2.4
2,14,51837,4.8,-47.9052,270,12.58,0.7
2,4,51844,-1.6,-15.4279,90,1.69,1.8
2,5,51886,-20.0773,-8,180,8.22,1.7
2,6,51915,-8,-43.6104,90,12.61,-0.1
2,16,51925,13.6702,8,338.6,6.78,1.4
2,19,51940,-14.601,8,0,0,0
2,15,51972,32.5391,8,0,11.03,1.6
2,18,51989,1.6,20.2981,270,3.08,-2.4
2,21,52023,-22.138,8,0,0.03,0
2,16,52025,14.3584,8,345,6.96,1.8
2,13,52040,8,-36.3614,270,14.04,1.9
2,3,52044,-0.285475,-6.34246,78.6,3.23,1.3
2,23,52090,-14.601,1.6,0,0,0
2,2,52135,-4.8,37.7251,90,13.31,0.4
2,16,52125,15.0653,8,349.4,7.16,2
2,1,52140,-8,37.1603,90,14.21,2.2
2,4,52144,-1.6,-14.8391,90,2.21,1.7
2,5,52186,-22.6308,-8,180,8.78,2
2,11,52190,14.601,-1.6,180,0,0
2,12,52214,22.5583,-1.6,180,0.44,-0.4
2,16,52225,15.793,8,353.9,7.36,1.4
2,14,52237,4.8,-52.937,270,12.57,-0.1
2,15,52272,35.9389,8,0,11.59,2.1
2,18,52289,1.6,19.4555,270,2.55,-1.4
2,6,52315,-8,-38.5648,90,12.62,1.1
2,24,52314,-22.6998,1.6,0,0.57,-0.2
2,16,52325,16.5404,8,356.6,7.55,1.8
2,13,52340,8,-40.649,270,14.39,0
2,3,52344,0.260212,-5.43298,73.8,3.79,1.6
2,16,52425,17.3067,8,357.8,7.75,2.3
2,1,52440,-8,41.5153,90,14.79,1.6
2,4,52444,-1.6,-14.092,90,2.74,2.4
2,5,52486,-25.3612,-8,180,9.39,2.1
2,2,52435,-4.8,41.7193,90,13.31,0.7
2,22,52526,-29.8279,8,0,0.2,-0.2
2,16,52525,18.092,8,359.1,7.93,2.1
2,15,52572,39.5084,8,0,12.18,2.4
2,18,52589,1.6,18.7598,270,2.1,-1.1
2,14,52637,4.8,-57.9686,270,12.58,0.6
2,13,52640,8,-44.9674,270,14.4,0.5
2,3,52644,0.891461,-4.3809,68.1,4.36,1.3
2,17,52664,0.904313,8.73999,262,0,0
2,9,52672,14.601,-8,180,0,0
2,12,52714,22.3831,-1.6,180,0.27,-0.3
2,6,52715,-8,-33.5184,90,12.61,0.4
2,1,52740,-8,46.0406,90,15.28,-0.1
2,4,52744,-1.54102,-13.188,89.3,3.29,1.9
2,5,52786,-28.2741,-8,180,10,1.7
2,16,52825,20.5594,8,0,8.48,2.1
2,2,52835,-4.8,47.0443,90,13.3,-0.1
2,3,52844,1.36218,-3.59637,63.9,4.75,2
2,15,52872,43.2534,8,0,12.76,1.6
2,18,52889,1.6,18.1935,270,1.69,-0.9
2,24,52914,-22.438,1.6,0,0.32,-0.2
2,19,52940,-14.601,8,0,0,0
2,13,52940,8,-49.2867,270,14.39,0
2,21,53023,-22.1152,8,0,0.01,0
2,3,53044,1.87077,-2.74872,59.4,5.11,2.5
2,14,53037,4.8,-63.0002,270,12.57,-0.6
2,4,53044,-1.38857,-12.123,87.5,3.84,1.6
2,5,53086,-31.3576,-8,180,10.55,2.5
2,23,53090,-14.601,1.6,0,0,0
2,6,53115,-8,-28.4723,90,12.61,-0.5
2,16,53125,23.196,8,0,9.06,2.3
2,15,53172,47.1712,8,0,13.35,2.2
2,18,53189,1.6,17.7379,270,1.35,-1.2
2,11,53190,14.601,-1.6,180,0,0
2,12,53214,22.2739,-1.6,180,0.17,-0.1
2,3,53244,2.5642,-1.98148,56.7,5.49,1.7
2,2,53235,-4.8,52.3694,90,13.31,0.8
2,13,53240,8,-53.6055,270,14.39,0
2,22,53326,-29.7126,8,0,0.09,0
2,1,53340,-8,55.209,90,15.28,0.6
2,4,53344,-1.21276,-10.8948,85.5,4.39,1.8
2,5,53386,-34.6129,-8,180,11.12,1.8
2,6,53415,-8,-24.7907,90,11.67,-4.4
2,16,53425,26.0073,8,0,9.66,1.9
2,3,53444,3.53993,-1.39604,50.3,5.86,1.7
2,14,53437,4.8,-68.0316,270,12.57,-0.3
2,15,53472,51.2715,8,0,13.95,2.3
2,24,53514,-22.2886,1.6,0,0.18,-0.2
2,13,53540,8,-57.9247,270,14.39,-0.5
2,6,53615,-8,-22.5501,90,10.77,-4.4
2,2,53635,-4.8,57.6944,90,13.31,0.2
2,3,53644,4.58297,-0.770216,43.4,6.26,1.8
2,4,53644,-1.01334,-9.50166,83.2,4.96,1.8
2,17,53664,0.904313,8.73999,262,0,0
2,9,53672,14.601,-8,180,0,0
2,5,53686,-38.0382,-8,180,11.69,2.5
2,12,53714,22.2067,-1.6,180,0.1,-0.1
2,16,53725,28.9961,8,0,10.24,1.8
2,15,53772,55.5485,8,0,14.54,1.3
2,18,53789,1.6,17.0932,270,0.83,-0.7
2,6,53815,-8,-20.4895,90,9.87,-4.4
2,3,53844,5.69399,-0.103608,36,6.67,2.4
2,14,53837,4.8,-73.0632,270,12.57,-0.4
2,13,53840,8,-62.2438,270,14.4,0.6
2,1,53940,-8,64.3778,90,15.28,-0.1
2,4,53944,-0.790374,-7.93847,81.8,5.53,2.2
2,19,53940,-14.601,8,0,0,0
2,5,53986,-41.6392,-8,180,12.29,2.3
2,6,54015,-8,-18.6088,90,8.97,-4.4
2,21,54023,-22.1068,8,0,0,0
2,2,54035,-4.8,63.0194,90,13.31,-0.7
2,16,54025,32.1647,8,0,10.87,2.3
2,3,54044,6.86976,0.601859,30.9,7.03,1.7
2,15,54072,59.9977,8,0,15.03,-1.2
2,23,54090,-14.601,1.6,0,0,0
2,22,54126,-29.6558,8,0,0.04,0
2,13,54140,8,-66.5625,270,14.39,0.5
2,11,54190,14.601,-1.6,180,0,0
2,6,54215,-8,-16.9082,90,8.07,-4.4
2,1,54240,-8,68.9619,90,15.28,0
2,14,54237,4.8,-78.0952,270,12.58,-0.1
2,3,54244,8.29169,0.841669,24.8,7.43,2.5
2,4,54244,-0.264829,-6.30805,78.5,6.11,1.9
2,5,54286,-45.4112,-8,180,12.86,1.9
2,16,54325,35.5119,8,0,11.43,2
2,18,54389,1.6,16.705,270,0.49,-0.4
2,15,54372,64.5098,8,0,15.03,-0.9
2,6,54415,-8,-15.3876,90,7.17,-4.4
2,2,54435,-4.8,68.3441,90,13.3,-0.5
2,13,54440,8,-70.8811,270,14.39,0
2,3,54444,9.8067,1.0581,17.7,7.83,2.1
2,4,54444,0.383273,-5.22788,72.7,6.46,1.3
2,24,54514,-22.171,1.6,0,0.06,0
2,1,54540,-8,73.5465,90,15.27,-0.4
2,5,54586,-49.3638,-8,180,13.45,2.4
2,6,54615,-8,-14.047,90,6.27,-4.4
2,16,54625,39.0323,8,0,12.02,1.8
2,14,54637,4.8,-83.1268,270,12.58,0.4
2,3,54644,11.3959,1.28513,10.4,8.2,1.3
2,4,54644,1.07031,-4.08281,66.5,6.86,2.1
2,17,54664,0.904313,8.73999,262,0,0
2,15,54672,69.0216,8,0,15.03,0.1
2,9,54672,14.601,-8,180,0,0
2,12,54714,22.1405,-1.6,180,0.03,0
2,13,54740,8,-75.2,270,14.39,0
2,6,54815,-8.10581,-12.8593,91.2,5.91,0.4
2,1,54840,-8,78.1311,90,15.28,0
2,3,54844,13.0598,1.52283,8.1,8.58,2.2
2,4,54844,1.79758,-2.87071,60.1,7.24,2.5
2,5,54886,-53.4786,-8,180,13.81,0.7
2,16,54925,42.7299,8,0,12.61,1.9
2,19,54940,-14.601,8,0,0,0
2,17,54964,0.890385,8.64269,261.8,0.7,2.6
2,15,54972,73.5333,8,0,15.03,0
2,18,54989,1.6,16.4653,270,0.42,0.6
2,6,55015,-8.27299,-11.6891,93.1,5.91,-0.3
2,21,55023,-22.1038,8,0,0,0
2,14,55037,4.8,-88.1583,270,12.57,-1
2,3,55044,14.8084,1.6,6.1,8.94,1.9
2,13,55040,8,-79.5185,270,14.39,-0.5
2,4,55044,2.8055,-1.8367,55.1,7.61,1.5
2,23,55090,-14.601,1.6,0,0,0
2,22,55126,-29.624,8,0,0.01,0
2,1,55140,-8,82.7152,90,15.28,0.2
2,4,55144,3.46686,-1.43988,50.8,7.8,2.5
2,5,55186,-57.6235,-8,180,13.81,-0.2
2,11,55190,14.601,-1.6,180,0,0
2,6,55215,-8.67787,-10.6035,97.9,5.91,0.8
2,16,55225,46.6005,8,0,13.17,1.8
2,3,55244,16.6362,1.6,3.1,9.3,1.7
2,4,55244,4.14454,-1.03328,46.3,7.98,1.8
2,17,55264,0.845032,8.32335,261.8,1.41,2.2
2,15,55272,78.0454,8,0,15.03,-0.2
2,4,55344,4.83799,-0.617204,41.7,8.16,2
2,13,55340,8,-83.8374,270,14.39,-0.8
2,6,55415,-9.28603,-9.58995,105.2,5.9,-0.5
2,14,55437,4.8,-93.1903,270,12.58,0
2,4,55444,5.54749,-0.191508,37,8.36,1.6
2,1,55440,-8,87.2993,90,15.27,-0.1
2,5,55486,-61.7684,-8,180,13.82,0.3
2,18,55489,1.6,16.1279,270,0.97,1.2
2,6,55515,-9.71689,-9.20986,110.8,5.9,-0.1
2,24,55514,-22.1274,1.6,0,0.02,0
2,16,55525,50.6477,8,0,13.76,1.9
2,3,55544,19.5204,1.6,0,9.89,1.8
2,4,55544,6.27408,0.244448,32.3,8.56,1.6
2,15,55572,82.557,8,0,15.03,0.2
2,6,55615,-10.2237,-8.90579,117,5.91,0.5
2,17,55564,0.771598,7.80625,261.8,2.05,2.3
2,13,55640,8,-88.1563,270,14.39,-0.3
2,4,55644,7.02856,0.661222,30.6,8.76,2.4
2,2,55635,-4.8,84.3189,90,13.3,-0.6
2,9,55672,14.601,-8,180,0,0
2,12,55714,22.1161,-1.6,180,0.01,0
2,6,55715,-10.7305,-8.6017,123.1,5.9,-0.6
2,4,55744,7.90578,0.786539,26.6,8.94,1.8
2,1,55740,-8,91.8835,90,15.28,0.2
2,5,55786,-65.9136,-8,180,13.82,0
2,6,55815,-11.2509,-8.33559,129.7,5.9,-0.3
2,16,55825,54.8703,8,0,14.35,1.7
2,14,55837,4.8,-98.2224,270,12.58,-0.4
2,3,55844,22.58,1.6,0,10.48,2.3
2,4,55844,8.80203,0.914575,22.4,9.13,1.7
2,17,55864,0.672042,7.10521,261.8,2.62,1.4
2,15,55872,87.0687,8,0,15.03,-0.4
2,18,55889,1.6,15.6101,270,1.59,1.8
2,6,55915,-11.8358,-8.25202,138.4,5.91,0.9
2,19,55940,-14.601,8,0,0,0
2,13,55940,8,-92.4751,270,14.4,1
2,4,55944,9.71621,1.04517,18.1,9.31,1.3
2,6,56015,-12.4209,-8.16844,145.5,5.9,-1
2,21,56023,-22.1027,8,0,0,0
2,1,56040,-8,96.4681,90,15.28,0
2,2,56035,-4.8,89.6439,90,13.31,0.1
2,4,56044,10.6481,1.1783,13.8,9.48,1.9
2,23,56090,-14.601,1.6,0,0,0
2,6,56115,-13.006,-8.08485,151.6,5.91,0.3
2,22,56126,-29.6113,8,0,0,0
2,5,56086,-70.0586,-8,180,13.81,0
2,16,56125,59.201,8,0,14.44,-0.2
2,3,56144,25.8185,1.6,0,11.07,1.4
2,4,56144,11.5975,1.31393,9.4,9.67,2.2
2,17,56164,0.281103,6.33517,258.6,3.19,2.1
2,11,56190,14.601,-1.6,180,0,0
2,6,56215,-13.5913,-8.00124,157.7,5.91,0
2,14,56237,4.8,-103.254,270,12.57,-0.2
2,13,56240,8,-96.794,270,14.4,0
2,4,56244,12.5652,1.45217,8.1,9.85,1.4
2,18,56289,1.6,14.8385,270,2.25,2.4
2,6,56315,-14.1904,-8,164,6.08,2.4
2,1,56340,-8,101.053,90,15.27,-0.7
2,4,56344,13.5519,1.59313,8.1,10.05,2.1
2,5,56386,-74.2034,-8,180,13.81,0
2,6,56415,-14.8105,-8,167.8,6.28,1.9
2,16,56425,63.5334,8,0,14.44,0.7
2,3,56444,29.2354,1.6,0,11.66,1.5
2,2,56435,-4.8,94.9693,90,13.31,0
2,4,56444,14.5683,1.6,6.5,10.25,2.1
2,17,56464,-0.256612,5.43898,253.8,3.76,2.1
2,24,56514,-22.1113,1.6,0,0,0
2,6,56515,-15.451,-8,171.8,6.49,1.5
2,13,56540,8,-101.112,270,14.4,0
2,18,56589,1.6,14.08,270,2.79,1.9
2,6,56615,-16.1111,-8,175.8,6.68,1.3
2,14,56637,4.8,-108.285,270,12.57,0.5
2,1,56640,-8,105.637,90,15.28,0.3
2,9,56672,14.601,-8,180,0,0
2,5,56686,-78.3484,-8,180,13.81,-0.2
2,12,56714,22.1072,-1.6,180,0,0
2,6,56715,-16.7901,-8,177,6.87,1.6
2,16,56725,67.8655,8,0,14.44,0.5
2,3,56744,32.8223,1.6,0,12.23,1.3
2,4,56744,17.7349,1.6,1.4,10.84,1.9
2,17,56764,-0.884786,4.39202,248.2,4.35,2.2
2,6,56815,-17.4883,-8,178.1,7.07,2.1
2,13,56840,8,-105.431,270,14.39,0.8
2,2,56835,-4.8,100.295,90,13.31,0.1
2,18,56889,1.53733,13.1622,269.2,3.33,2
2,6,56915,-18.2065,-8,179.3,7.25,1.6
2,1,56940,-8,110.222,90,15.28,0.2
2,19,56940,-14.601,8,0,0,0
2,17,56964,-1.35338,3.61103,244,4.73,2
2,5,56986,-82.4936,-8,180,13.81,-0.4
2,16,57025,72.1977,8,0,14.44,0.1
2,21,57023,-22.1022,8,0,0,0
2,14,57037,4.8,-113.317,270,12.58,0.1
2,3,57044,36.5854,1.6,0,12.82,1.7
2,4,57044,21.0848,1.6,0,11.44,1.8
2,23,57090,-14.601,1.6,0,0,0
2,22,57126,-29.6063,8,0,0,0
2,13,57140,8,-109.75,270,14.39,-0.5
2,17,57164,-1.86253,2.76245,239.5,5.13,1.9
2,11,57190,14.601,-1.6,180,0,0
2,18,57189,1.38285,12.083,267.5,3.9,1.9
2,6,57215,-20.4773,-8,180,7.85,1.3
2,1,57240,-8,114.806,90,15.28,1.2
2,2,57235,-4.8,105.62,90,13.31,0.6
2,5,57286,-86.6387,-8,180,13.81,-0.2
2,16,57325,76.53,8,0,14.44,0.1
2,3,57344,40.5221,1.6,0,13.4,1.5
2,4,57344,24.6052,1.6,0,12,1.6
2,17,57364,-2.55203,1.98878,236.8,5.51,1.9
2,14,57437,4.8,-118.349,270,12.57,-0.3
2,13,57440,8,-114.07,270,14.39,0.4
2,18,57489,1.20463,10.838,265.4,4.46,2
2,24,57514,-22.1054,1.6,0,0,0
2,6,57515,-22.9228,-8,180,8.41,1.5
2,1,57540,-8,119.39,90,15.27,-0.7
2,17,57564,-3.53254,1.40047,230.4,5.89,2.3
2,16,57625,80.8622,8,0,14.44,-0.3
2,2,57635,-4.8,110.945,90,13.31,-0.2
2,4,57644,28.291,1.6,0,12.54,1.5
2,3,57644,44.632,1.6,0,13.97,1.7
2,9,57672,14.601,-8,180,0,0
2,12,57714,22.1039,-1.6,180,0,0
2,13,57740,8,-118.388,270,14.39,0.1
2,17,57764,-4.57862,0.772826,223.4,6.29,1.9
2,18,57789,1.00258,9.4265,263.1,5.03,2
2,6,57815,-25.5366,-8,180,8.99,1.3
2,14,57837,4.8,-123.38,270,12.58,0.1
2,1,57840,-8,123.974,90,15.27,0
2,16,57925,85.1946,8,0,14.44,-0.1
2,19,57940,-14.601,8,0,0,0
2,4,57944,32.1459,1.6,0,13.14,1.5
2,3,57944,48.9162,1.6,0,14.56,2.2
2,17,57964,-5.6953,0.102821,216,6.7,2
2,21,58023,-22.1021,8,0,0,0
2,13,58040,8,-122.707,270,14.39,0.4
2,2,58035,-4.8,116.27,90,13.31,0.3
2,23,58090,-14.601,1.6,0,0,0
2,18,58089,0.77661,7.84154,261.8,5.61,2.2
2,6,58115,-28.3269,-8,180,9.58,1.7
2,22,58126,-29.6043,8,0,0,0
2,1,58140,-8,128.559,90,15.28,0.8
2,17,58164,-6.88222,-0.609335,210.9,7.12,2.3
2,11,58190,14.601,-1.6,180,0,0
2,16,58225,89.5268,8,0,14.43,-0.1
2,14,58237,4.8,-128.412,270,12.57,0
2,3,58244,53.3794,1.6,0,15.14,2.5
2,4,58244,36.1791,1.6,0,13.72,1.9
2,13,58340,8,-127.026,270,14.39,-1
2,17,58364,-8.32102,-0.84586,204.6,7.49,2.3
2,18,58389,0.202588,6.20431,257.9,6.16,1.9
2,6,58415,-31.2905,-8,180,10.14,1.3
2,2,58435,-4.8,121.595,90,13.31,0.4
2,1,58440,-8,133.143,90,15.27,-0.1
2,24,58514,-22.1033,1.6,0,0,0
2,3,58544,58.0087,1.6,0,15.68,2.4
2,4,58544,40.3937,1.6,0,14.35,2.4
2,17,58564,-9.84837,-1.06405,197.5,7.88,1.3
2,18,58589,-0.453585,5.11069,252.1,6.58,2.5
2,13,58640,8,-131.345,270,14.39,0
2,14,58637,4.8,-133.444,270,12.58,0.8
2,9,58672,14.601,-8,180,0,0
2,12,58714,22.1027,-1.6,180,0,0
2,1,58740,-8,137.727,90,15.28,0.4
2,17,58764,-11.4516,-1.29309,190.1,8.28,1.9
2,6,58715,-34.4215,-8,180,10.72,2.3
2,18,58789,-1.15213,3.94646,245.8,6.98,1.9
2,2,58835,-4.8,126.92,90,13.31,-0.3
2,3,58844,62.807,1.6,0,16.28,1.9
2,4,58844,44.7596,1.6,0,14.6,0.6
2,13,58940,8,-135.664,270,14.39,-0.6
2,19,58940,-14.601,8,0,0,0
2,17,58964,-13.1315,-1.53308,188.1,8.65,2
2,18,58989,-1.89071,2.71548,239.3,7.34,1.3
2,6,59015,-37.7294,-8,180,11.29,1.7
2,21,59023,-22.102,8,0,0,0
2,14,59037,4.8,-138.476,270,12.58,0.1
2,1,59040,-8,142.311,90,15.28,0.4
2,23,59090,-14.601,1.6,0,0,0
2,22,59126,-29.6035,8,0,0,0
2,3,59144,67.7737,1.6,0,16.72,0.3
2,4,59144,49.1405,1.6,0,14.6,0
2,17,59164,-14.8981,-1.6,186,9.03,1.6
2,18,59189,-2.97658,1.73405,234,7.7,1.9
2,11,59190,14.601,-1.6,180,0,0
2,2,59235,-4.8,132.245,90,13.3,-0.7
2,13,59240,8,-139.982,270,14.38,-1
2,18,59289,-3.64769,1.33139,229.6,7.9,1.3
2,6,59315,-41.2062,-8,180,11.87,2.5
2,1,59340,-8,146.896,90,15.28,0
2,17,59364,-16.7479,-1.6,183,9.42,1.8
2,18,59389,-4.33446,0.919322,225,8.09,2.4
2,14,59437,4.8,-143.507,270,12.58,-0.2
2,3,59444,72.7907,1.6,0,16.72,0.4
2,4,59444,53.5212,1.6,0,14.6,-0.4
2,18,59489,-5.03876,0.496743,220.3,8.3,1.7
2,24,59514,-22.1025,1.6,0,0,0
2,13,59540,8,-144.301,270,14.4,0.6
2,17,59564,-18.6752,-1.6,180,9.83,1.3
2,18,59589,-5.75893,0.0646413,215.6,8.48,2.1
2,6,59615,-44.8689,-8,180,12.5,2.4
2,2,59635,-4.8,137.57,90,13.3,-0.7
2,1,59640,-8,151.48,90,15.28,0.1
2,9,59672,14.601,-8,180,0,0
2,18,59689,-6.49616,-0.377693,210.9,8.69,2.1
2,12,59714,22.1023,-1.6,180,0,0
2,4,59744,57.9023,1.6,0,14.6,0.2
2,3,59744,77.8079,1.6,0,16.72,0.4
2,18,59789,-7.29641,-0.699487,209.3,8.87,2.2
2,14,59837,4.8,-148.539,270,12.58,0.2
2,13,59840,8,-148.62,270,14.39,-0.8
2,17,59864,-21.7138,-1.6,180,10.41,2
2,18,59889,-8.18598,-0.826569,205.3,9.06,2.1
2,6,59915,-48.6507,-8,180,12.61,0
2,19,59940,-14.601,8,0,0,0
2,1,59940,-8,156.064,90,15.27,-0.9
2,18,59989,-9.09448,-0.956354,201,9.26,2.2
2,21,60023,-22.102,8,0,0,0
2,2,60035,-4.8,142.895,90,13.31,-0.3
2,4,60044,62.2829,1.6,0,14.59,-0.8
2,3,60044,82.8251,1.6,0,16.71,-0.4
2,23,60090,-14.601,1.6,0,0,0
2,18,60089,-10.0223,-1.0889,196.7,9.45,2.2
2,22,60126,-29.6032,8,0,0,0
2,13,60140,8,-152.939,270,14.39,0.5
2,17,60164,-24.9295,-1.6,180,11.01,2.5
2,18,60189,-10.9692,-1.22417,192.3,9.65,2.5
2,11,60190,14.601,-1.6,180,0,0
2,6,60215,-52.4355,-8,180,12.61,-0.4
2,14,60237,4.8,-153.57,270,12.57,0.2
2,1,60240,-8,160.648,90,15.27,0
2,18,60289,-11.9358,-1.36226,188.1,9.84,1.4
2,4,60344,66.6641,1.6,0,14.6,0.1
2,3,60344,87.8426,1.6,0,16.72,-0.3
2,18,60389,-12.9105,-1.5015,188.1,9.84,0
2,2,60435,-8,148.22,90,13.31,0.4
2,13,60440,8,-157.257,270,14.39,-1
2,17,60464,-28.3212,-1.6,180,11.58,1.9
2,18,60489,-13.8886,-1.6,187.6,9.87,1.4
2,6,60515,-56.2198,-8,180,12.61,-0.6
2,24,60514,-22.1022,1.6,0,0,0
2,1,60540,-8,165.232,90,15.28,0
2,18,60589,-14.8868,-1.6,186,10.07,2.3
2,14,60637,4.8,-158.602,270,12.57,0
2,4,60644,71.0449,1.6,0,14.59,-0.1
2,9,60672,14.601,-8,180,0,0
2,12,60714,22.1021,-1.6,180,0,0
2,13,60740,8,-161.576,270,14.39,-0.2
2,17,60764,-31.8846,-1.6,180,12.14,2.2
2,1,60840,-8,169.816,90,15.28,0.3
2,2,60835,-8,153.545,90,13.31,0
2,18,60889,-18.003,-1.6,180.9,10.65,1.9
2,6,60915,-61.2661,-8,180,12.61,0.3
2,19,60940,-14.601,8,0,0,0
2,4,60944,75.4255,1.6,0,14.59,-0.9
2,21,61023,-22.102,8,0,0,0
2,13,61040,8,-165.895,270,14.39,0.4
2,14,61037,4.8,-163.634,270,12.58,1
2,17,61064,-35.6254,-1.6,180,12.76,1.8
2,23,61090,-14.601,1.6,0,0,0
2,22,61126,-29.6031,8,0,0,0
2,1,61140,-8,174.401,90,15.28,0.8
2,18,61189,-21.2896,-1.6,180,11.25,1.3
2,11,61190,14.601,-1.6,180,0,0
2,2,61235,-8,158.87,90,13.31,-0.3
2,4,61244,79.8065,1.6,0,14.6,0.2
2,6,61315,-66.3124,-8,180,12.61,0.5
2,13,61340,8,-170.214,270,14.39,0.1
2,17,61364,-39.5435,-1.6,180,13.34,2.1
2,1,61440,-8,178.985,90,15.27,-0.8
2,14,61437,4.8,-168.666,270,12.57,-1
2,18,61489,-24.7565,-1.6,180,11.84,1.8
2,24,61514,-22.1021,1.6,0,0,0
2,4,61544,84.1873,1.6,0,14.6,0
2,2,61635,-8,164.196,90,13.31,-0.4
2,13,61640,8,-174.533,270,14.39,0
2,17,61664,-43.6351,-1.6,180,13.91,2.5
2,9,61672,14.601,-8,180,0,0
2,6,61715,-71.3584,-8,180,12.61,0
2,12,61714,22.102,-1.6,180,0,0
2,18,61789,-28.4041,-1.6,180,12.44,2.1
2,4,61844,88.5681,1.6,0,14.59,-0.5
2,14,61837,4.8,-173.697,270,12.57,0
2,13,61940,8,-178.852,270,14.39,-0.4
2,19,61940,-14.601,8,0,0,0
2,17,61964,-47.8945,-1.6,180,14.46,1.5
2,2,62035,-8,169.52,90,13.31,0.3
2,21,62023,-22.102,8,0,0,0
2,23,62090,-14.601,1.6,0,0,0
2,18,62089,-32.2354,-1.6,180,13.05,1.5
2,6,62115,-76.4046,-8,180,12.61,-0.3
2,22,62126,-29.603,8,0,0,0
2,11,62190,14.601,-1.6,180,0,0
2,14,62237,4.8,-178.729,270,12.58,0.7
2,17,62264,-52.3176,-1.6,180,15.01,2.1
2,2,62435,-8,174.845,90,13.31,0.4
2,18,62389,-36.1903,-1.6,180,13.2,1.2
2,24,62514,-22.102,1.6,0,0,0
2,6,62515,-81.4506,-8,180,12.61,-0.1
2,17,62564,-56.9069,-1.6,180,15.45,-0.6
2,9,62672,14.601,-8,180,0,0
2,18,62689,-40.1495,-1.6,180,13.19,-0.2
2,12,62714,22.102,-1.6,180,0,0
2,17,62864,-61.5448,-1.6,180,15.45,-0.5
2,6,62915,-86.4968,-8,180,12.62,1
2,19,62940,-14.601,8,0,0,0
2,18,62989,-44.1088,-1.6,180,13.19,-0.2
2,21,63023,-22.102,8,0,0,0
2,23,63090,-14.601,1.6,0,0,0
2,22,63126,-29.603,8,0,0,0
2,17,63164,-66.1828,-1.6,180,15.46,0.8
2,11,63190,14.601,-1.6,180,0,0
2,18,63389,-49.3886,-1.6,180,13.2,0.3
2,17,63464,-70.8208,-1.6,180,15.46,0.7
2,24,63514,-22.102,1.6,0,0,0
2,9,63672,14.601,-8,180,0,0
2,12,63714,22.102,-1.6,180,0,0
2,17,63764,-75.4585,-1.6,180,15.46,0.6
2,18,63789,-54.6684,-1.6,180,13.19,0.2
2,19,63940,-14.601,8,0,0,0
2,21,64023,-22.102,8,0,0,0
2,17,64064,-80.0968,-1.6,180,15.46,-0.1
2,23,64090,-14.601,1.6,0,0,0
2,22,64126,-29.603,8,0,0,0
2,18,64189,-59.9481,-1.6,180,13.19,-0.2
2,11,64190,14.601,-1.6,180,0,0
2,17,64364,-84.7348,-1.6,180,15.45,-0.9
2,24,64514,-22.102,1.6,0,0,0
2,18,64589,-65.2278,-1.6,180,13.2,0.2
2,9,64672,14.601,-8,180,0,0
2,17,64664,-89.373,-1.6,180,15.45,0
2,12,64714,22.102,-1.6,180,0,0
2,19,64940,-14.601,8,0,0,0
2,18,64989,-70.5068,-1.6,180,13.2,0.2
2,21,65023,-22.102,8,0,0,0
2,23,65090,-14.601,1.6,0,0,0
2,22,65126,-29.603,8,0,0,0
2,11,65190,14.601,-1.6,180,0,0
2,18,65389,-75.7862,-1.6,180,13.19,0
2,24,65514,-22.102,1.6,0,0,0
2,9,136,14.601,-8,180,0,0
2,12,178,22.102,-1.6,180,0,0
2,18,253,-81.066,-1.6,180,13.2,0.9
2,19,404,-14.601,8,0,0,0
2,21,487,-22.102,8,0,0,0
2,23,554,-14.601,1.6,0,0,0
2,22,590,-29.603,8,0,0,0
2,11,654,14.601,-1.6,180,0,0
2,18,653,-86.3449,-1.6,180,13.2,0.2
2,24,978,-22.102,1.6,0,0,0
2,9,1136,14.601,-8,180,0,0
2,12,1178,22.102,-1.6,180,0,0
2,19,1404,-14.601,8,0,0,0
2,21,1487,-22.102,8,0,0,0
2,23,1554,-14.601,1.6,0,0,0
2,22,1590,-29.603,8,0,0,0
2,11,1654,14.601,-1.6,180,0,0
2,24,1978,-22.102,1.6,0,0,0
2,9,2136,14.601,-8,180,0,0
2,12,2178,22.102,-1.6,180,0,0
2,19,2404,-14.601,8,0,0,0
2,21,2487,-22.102,8,0,0,0
2,23,2554,-14.601,1.6,0,0,0
2,22,2590,-29.603,8,0,0,0
2,11,2654,14.601,-1.6,180,0,0
2,24,2978,-22.102,1.6,0,0,0
2,9,3136,14.601,-8,180,0,0
2,12,3178,22.102,-1.6,180,0,0
2,19,3404,-14.601,8,0,0,0
2,21,3487,-22.102,8,0,0,0
2,23,3554,-14.601,1.6,0,0,0
2,22,3590,-29.603,8,0,0,0
2,11,3654,14.601,-1.6,180,0,0
2,24,3978,-22.102,1.6,0,0,0
2,9,4136,14.601,-8,180,0,0
2,12,4178,22.102,-1.6,180,0,0
2,19,4404,-14.601,8,0,0,0
2,21,4487,-22.102,8,0,0,0
2,23,4554,-14.601,1.6,0,0,0
2,22,4590,-29.603,8,0,0,0
2,11,4654,14.601,-1.6,180,0,0
2,24,4978,-22.102,1.6,0,0,0
2,9,5136,14.601,-8,180,0,0
2,12,5178,22.102,-1.6,180,0,0
2,19,5404,-14.601,8,0,0,0
2,21,5487,-22.102,8,0,0,0
2,23,5554,-14.601,1.6,0,0,0
2,22,5590,-29.603,8,0,0,0
2,11,5654,14.601,-1.6,180,0,0
2,24,5978,-22.102,1.6,0,0,0
2,9,6136,14.601,-8,180,0,0
2,12,6178,22.102,-1.6,180,0,0
2,19,6404,-14.601,8,0,0,0
2,21,6487,-22.102,8,0,0,0
2,23,6554,-14.601,1.6,0,0,0
2,22,6590,-29.603,8,0,0,0
2,11,6654,14.601,-1.6,180,0,0
2,24,6978,-22.102,1.6,0,0,0
2,9,7136,14.601,-8,180,0,0
2,12,7178,22.102,-1.6,180,0,0
2,19,7404,-14.601,8,0,0,0
2,21,7487,-22.102,8,0,0,0
2,23,7554,-14.601,1.6,0,0,0
2,22,7590,-29.603,8,0,0,0
2,11,7654,14.601,-1.6,180,0,0
2,24,7978,-22.102,1.6,0,0,0
2,9,8136,14.601,-8,180,0,0
2,12,8178,22.102,-1.6,180,0,0
2,19,8404,-14.601,8,0,0,0
2,21,8487,-22.102,8,0,0,0
2,23,8554,-14.601,1.6,0,0,0
2,22,8590,-29.603,8,0,0,0
2,11,8654,14.601,-1.6,180,0,0
2,24,8978,-22.102,1.6,0,0,0
2,9,9136,14.601,-8,180,0,0
2,12,9178,22.102,-1.6,180,0,0
2,19,9404,-14.601,8,0,0,0
2,21,9487,-22.102,8,0,0,0
2,23,9554,-14.601,1.6,0,0,0
2,22,9590,-29.603,8,0,0,0
2,11,9654,14.601,-1.6,180,0,0
2,24,9978,-22.102,1.6,0,0,0
2,9,10136,14.601,-8,180,0,0
2,12,10178,22.102,-1.6,180,0,0
2,19,10404,-14.601,8,0,0,0
2,21,10487,-22.102,8,0,0,0
2,23,10554,-14.601,1.6,0,0,0
2,22,10590,-29.603,8,0,0,0
2,11,10654,14.601,-1.6,180,0,0
2,24,10978,-22.102,1.6,0,0,0
2,9,11136,14.601,-8,180,0,0
2,12,11178,22.102,-1.6,180,0,0
2,19,11404,-14.601,8,0,0,0
2,21,11487,-22.102,8,0,0,0
2,23,11554,-14.601,1.6,0,0,0
2,22,11590,-29.603,8,0,0,0
2,11,11654,14.601,-1.6,180,0,0
2,24,11978,-22.102,1.6,0,0,0
2,9,12136,14.601,-8,180,0,0
2,12,12178,22.102,-1.6,180,0,0
2,19,12404,-14.601,8,0,0,0
2,21,12487,-22.102,8,0,0,0
2,23,12554,-14.601,1.6,0,0,0
2,22,12590,-29.603,8,0,0,0
2,11,12654,14.601,-1.6,180,0,0
2,24,12978,-22.102,1.6,0,0,0
2,9,13136,14.601,-8,180,0,0
2,12,13178,22.102,-1.6,180,0,0
2,19,13404,-14.601,8,0,0,0
2,21,13487,-22.102,8,0,0,0
2,23,13554,-14.601,1.6,0,0,0
2,22,13590,-29.603,8,0,0,0
2,11,13654,14.601,-1.6,180,0,0
2,24,13978,-22.102,1.6,0,0,0
2,9,14136,14.601,-8,180,0,0
2,12,14178,22.102,-1.6,180,0,0
2,19,14404,-14.601,8,0,0,0
2,21,14487,-22.102,8,0,0,0
2,23,14554,-14.601,1.6,0,0,0
2,22,14590,-29.603,8,0,0,0
2,11,14654,14.601,-1.6,180,0,0
2,24,14978,-22.102,1.6,0,0,0
2,9,15136,14.601,-8,180,0,0
2,12,15178,22.102,-1.6,180,0,0
2,19,15404,-14.601,8,0,0,0
2,21,15487,-22.102,8,0,0,0
2,23,15554,-14.601,1.6,0,0,0
2,22,15590,-29.603,8,0,0,0
2,11,15654,14.601,-1.6,180,0,0
2,24,15978,-22.102,1.6,0,0,0
2,9,16136,14.601,-8,180,0,0
2,12,16178,22.102,-1.6,180,0,0
2,19,16404,-14.601,8,0,0,0
2,21,16487,-22.102,8,0,0,0
2,23,16554,-14.601,1.6,0,0,0
2,22,16590,-29.603,8,0,0,0
2,11,16654,14.601,-1.6,180,0,0
2,24,16978,-22.102,1.6,0,0,0
2,9,17136,14.601,-8,180,0,0
2,12,17178,22.102,-1.6,180,0,0
2,19,17404,-14.601,8,0,0,0
2,21,17487,-22.102,8,0,0,0
2,23,17554,-14.601,1.6,0,0,0
2,22,17590,-29.603,8,0,0,0
2,11,17654,14.601,-1.6,180,0,0
2,24,17978,-22.102,1.6,0,0,0
2,9,18136,14.601,-8,180,0,0
2,12,18178,22.102,-1.6,180,0,0
2,19,18404,-14.601,8,0,0,0
2,21,18487,-22.102,8,0,0,0
2,23,18554,-14.601,1.6,0,0,0
2,22,18590,-29.603,8,0,0,0
2,11,18654,14.601,-1.6,180,0,0
2,24,18978,-22.102,1.6,0,0,0
2,9,19136,14.601,-8,180,0,0
2,12,19178,22.102,-1.6,180,0,0
2,19,19404,-14.601,8,0,0,0
2,21,19487,-22.102,8,0,0,0
2,23,19554,-14.601,1.6,0,0,0
2,22,19590,-29.603,8,0,0,0
2,11,19654,14.601,-1.6,180,0,0
2,24,19978,-22.102,1.6,0,0,0
2,9,20136,14.601,-8,180,0,0
2,12,20178,22.102,-1.6,180,0,0
2,19,20404,-14.601,8,0,0,0
2,21,20487,-22.102,8,0,0,0
2,23,20554,-14.601,1.6,0,0,0
2,22,20590,-29.603,8,0,0,0
2,11,20654,14.601,-1.6,180,0,0
2,24,20978,-22.102,1.6,0,0,0
2,9,21136,14.601,-8,180,0,0
2,12,21178,22.102,-1.6,180,0,0
2,19,21404,-14.601,8,0,0,0
2,21,21487,-22.102,8,0,0,0
2,23,21554,-14.601,1.6,0,0,0
2,22,21590,-29.603,8,0,0,0
2,11,21654,14.601,-1.6,180,0,0
2,24,21978,-22.102,1.6,0,0,0
2,9,22136,14.601,-8,180,0,0
2,12,22178,22.102,-1.6,180,0,0
2,19,22404,-14.601,8,0,0,0
2,21,22487,-22.102,8,0,0,0
2,23,22554,-14.601,1.6,0,0,0
2,22,22590,-29.603,8,0,0,0
2,11,22654,14.601,-1.6,180,0,0
2,24,22978,-22.102,1.6,0,0,0
2,9,23136,14.601,-8,180,0,0
2,12,23178,22.102,-1.6,180,0,0
2,19,23404,-14.601,8,0,0,0
2,21,23487,-22.102,8,0,0,0
2,23,23554,-14.601,1.6,0,0,0
2,22,23590,-29.603,8,0,0,0
2,11,23654,14.601,-1.6,180,0,0
2,24,23978,-22.102,1.6,0,0,0
2,9,24136,14.601,-8,180,0,0
2,12,24178,22.102,-1.6,180,0,0
2,19,24404,-14.601,8,0,0,0
2,21,24487,-22.102,8,0,0,0
2,23,24554,-14.5868,1.6,0,0.25,2.5
2,22,24590,-29.603,8,0,0,0
2,19,24704,-14.5183,8,0,0.62,2.3
2,11,24654,14.5475,-1.6,180,0.5,2.5
2,9,24736,14.4978,-8,180,0.7,2.5
2,23,24854,-14.3944,1.6,0,0.99,2.3
2,11,24954,14.2852,-1.6,180,1.21,2.1
2,24,24978,-22.0253,1.6,0,0.4,1.3
2,19,25004,-14.2208,8,0,1.32,2.3
2,9,25036,14.1754,-8,180,1.41,2
2,12,25078,21.9783,-1.6,180,0.54,1.4
2,21,25087,-21.9726,8,0,0.55,1.6
2,23,25154,-13.9898,1.6,0,1.67,2.2
2,11,25254,13.8192,-1.6,180,1.86,2.5
2,19,25304,-13.7219,8,0,1.96,2
2,9,25336,13.6464,-8,180,2.07,2
2,24,25378,-21.7377,1.6,0,1.03,1.4
2,23,25454,-13.3869,1.56949,359.6,2.32,1.5
2,21,25487,-21.6207,8,0,1.19,1.3
2,12,25478,21.6327,-1.6,180,1.18,1.6
2,11,25554,13.167,-1.53802,179.2,2.49,1.9
2,22,25590,-29.4143,8,0,0.57,1
2,19,25604,-13.0381,8,0,2.57,1.5
2,9,25636,12.9333,-8.09525,181,2.69,1.9
2,24,25678,-21.3432,1.6,0,1.59,1.9
2,23,25754,-12.5953,1.45618,358.3,2.97,1.9
2,21,25787,-21.1795,8,0,1.72,1.5
2,12,25778,21.1946,-1.6,180,1.71,1.8
2,11,25854,12.3363,-1.4191,177.9,3.07,1.4
2,19,25904,-12.1718,8,0,3.18,2.5
2,9,25936,12.0452,-8.22211,182.5,3.27,1.7
2,24,25978,-20.7833,1.6,0,2.11,1.2
2,22,25990,-29.0791,8,0,1.1,1.7
2,23,26054,-11.6289,1.31785,356.7,3.51,2.2
2,21,26087,-20.5758,8,0,2.28,2.3
2,12,26078,20.5958,-1.6,180,2.26,2.3
2,11,26154,11.3298,-1.27503,176.2,3.66,1.3
2,9,26236,11.0011,-8.43935,185,3.88,1.4
2,24,26278,-20.0654,1.6,0,2.66,1
2,19,26204,-11.1221,8,0,3.8,1.5
2,23,26354,-10.4979,1.15595,354.8,4,-4.4
2,21,26387,-19.8026,8,0,2.83,1.7
2,22,26390,-28.509,8,0,1.73,1.9
2,12,26378,19.8338,-1.6,180,2.78,0
2,9,26436,10.3019,-8.85888,190,4.26,2.4
2,11,26454,10.1829,-1.11086,174.3,3.64,-4.4
2,19,26504,-9.88563,8,0,4.39,1.5
2,23,26554,-9.79564,1.05542,353.7,3.11,-4.4
2,24,26578,-19.2707,1.6,0,2.44,-0.9
2,11,26654,9.55515,-1.021,173.3,2.74,-4.4
2,9,26636,9.53673,-9.31796,195.6,4.64,1.8
2,21,26687,-18.8634,8,0,3.4,1.7
2,12,26678,19.071,-1.6,180,2.31,-1.3
2,9,26736,9.23644,-9.6726,200.2,4.87,2.1
2,23,26754,-9.27154,0.980401,352.8,2.21,-4.4
2,22,26790,-27.678,8,0,2.41,2.4
2,19,26804,-8.47889,8,0,4.97,2
2,9,26836,8.97967,-10.1005,205.5,5.08,1.7
2,11,26854,9.10541,-0.956621,172.6,1.84,-4.4
2,24,26878,-18.6085,1.6,0,1.99,-1.1
2,9,26936,8.71206,-10.5466,210.9,5.28,1.4
2,23,26954,-8.92549,0.930866,352.3,1.32,-4.4
2,21,26987,-17.7488,8,0,3.98,1.4
2,12,26978,18.4454,-1.6,180,1.87,-1.7
2,9,27036,8.43482,-11.0086,216.5,5.47,2.2
2,11,27054,8.83368,-0.917725,172.1,0.94,-4.5
2,22,27090,-26.8705,8,0,2.93,1.6
2,19,27104,-6.89593,8,0,5.55,1.7
2,9,27136,8.29409,-11.5414,224,5.7,1.8
2,23,27154,-8.75754,0.906825,352,0.42,-4.4
2,24,27178,-18.0711,1.6,0,1.61,-0.6
2,9,27236,8.21189,-12.1168,232.2,5.9,1.3
2,11,27254,8.74,-0.904315,172,0.04,-4.5
2,21,27287,-16.4623,8,0,4.56,1.5
2,12,27278,17.9398,-1.6,180,1.51,-0.5
2,9,27336,8.12701,-12.7109,238.5,6.09,2.1
2,23,27354,-8.73999,0.904313,352,0,0
2,22,27390,-25.8996,8,0,3.49,1.9
2,19,27404,-5.13777,8,0,6.13,2
2,9,27436,8.03937,-13.3244,244.9,6.28,1.9
2,11,27454,8.73999,-0.904313,172,0,0
2,9,27536,8,-13.9611,251.9,6.48,1.7
2,23,27554,-8.73999,0.904313,352,0,0
2,21,27587,-15.003,8,0,5.15,2.2
2,9,27636,8,-14.6199,256.7,6.67,1.7
2,11,27654,8.73999,-0.904313,172,0,0
2,24,27678,-17.4043,1.6,0,1.09,-1.2
2,22,27690,-24.7621,8,0,4.07,2
2,19,27704,-3.20622,8,0,6.72,1.5
2,9,27736,8,-15.2982,260.9,6.87,2
2,23,27754,-8.73999,0.904313,352,0,0
2,9,27836,8,-15.9969,265.2,7.06,1.3
2,11,27854,8.73999,-0.904313,172,0,0
2,12,27878,17.218,-1.6,180,0.94,-0.4
2,21,27887,-13.3715,8.03265,0.3,5.7,1.6
2,9,27936,8,-16.7136,266.9,7.25,1.7
2,22,27990,-23.4589,8,0,4.59,1.6
2,19,28004,-1.09539,8,0,7.32,2.1
2,9,28036,8,-17.4488,268.1,7.43,1.6
2,23,28054,-8.68053,0.895802,351.9,0.54,2.6
2,9,28136,8,-18.2031,269.3,7.62,1.4
2,24,28178,-16.9402,1.6,0,0.88,0.2
2,21,28187,-11.5861,8.2877,3.3,6.3,2.1
2,22,28290,-21.992,8,0,5.1,-0.1
2,19,28304,1.19189,8,0,7.9,1.3
2,23,28354,-8.40665,0.856861,351.8,1.25,2
2,21,28387,-10.4379,8.77725,9,6.35,-0.3
2,9,28436,8,-20.5803,270,8.2,1.6
2,12,28478,16.7788,-1.6,180,0.55,-0.4
2,22,28590,-20.4329,8,0,5.27,1.5
2,21,28587,-9.36867,9.45221,17.3,6.35,0.2
2,19,28604,3.65042,8,0,8.47,1.3
2,23,28654,-7.92883,0.789005,351.8,1.93,2.4
2,24,28678,-16.4124,1.6,0,1.3,1.2
2,21,28687,-9.04153,9.99746,24.3,6.35,-0.5
2,9,28736,8,-23.1336,270,8.79,1.4
2,21,28787,-8.71441,10.5426,30.9,6.35,0.5
2,11,28854,8.73999,-0.904313,172,0,0
2,22,28890,-18.8281,8,0,5.41,-0.4
2,21,28887,-8.38727,11.0879,37.5,6.35,0.3
2,19,28904,6.28336,8,0,9.05,1.3
2,23,28954,-7.2597,0.693982,351.8,2.54,1.8
2,21,28987,-8.27034,11.7076,46.5,6.35,-0.2
2,9,29036,8,-25.8701,270,9.42,2.2
2,12,29078,16.5217,-1.6,180,0.32,-0.3
2,21,29087,-8.18042,12.337,54.6,6.35,-0.3
2,21,29187,-8.09052,12.9663,61.2,6.35,0.2
2,22,29190,-17.1848,8,0,5.52,-0.7
2,19,29204,9.08941,8,0,9.63,1.5
2,23,29254,-6.48737,0.372419,349.4,3.11,1.8
2,21,29287,-8.00061,13.5957,67.7,6.35,0.6
2,9,29336,8,-28.7892,270,10.01,1.7
2,21,29387,-8,14.2396,74.3,6.52,2.2
2,21,29487,-8,14.9029,78.4,6.71,1.4
2,24,29478,-14.9185,1.6,0,2.46,2.4
2,19,29504,12.0681,8,0,10.2,2.5
2,23,29554,-5.61337,-0.151978,344.8,3.66,2.4
2,21,29587,-8,15.5866,82.7,6.92,1.6
2,22,29590,-14.8917,8,0,6.03,2.1
2,9,29636,8,-31.884,270,10.6,1.6
2,12,29678,16.3751,-1.6,180,0.18,-0.2
2,21,29687,-8,16.2911,86.2,7.13,1.8
2,21,29787,-8,17.0155,87.4,7.33,1.6
2,19,29804,15.2266,8,0,10.81,2
2,23,29854,-4.59242,-0.764549,339.3,4.26,2.3
2,11,29854,8.73459,-0.90354,171.9,0.15,2.5
2,24,29878,-13.7956,1.6,0,3.14,0.6
2,21,29887,-8,17.7591,88.6,7.52,2.5
2,21,29987,-8,18.523,89.8,7.71,1.9
2,9,29936,8,-35.1561,270,11.17,2.2
2,22,29990,-12.3802,8.17426,2,6.4,0.3
2,23,30054,-3.82486,-1.22509,335.1,4.65,1.5
2,11,30054,8.64964,-0.89138,171.8,0.67,2.6
2,21,30087,-8,19.306,90,7.92,2.3
2,19,30104,18.5611,8,0,11.36,0.3
2,24,30178,-12.7746,1.48185,358.6,3.69,1.6
2,9,30236,8,-38.6036,270,11.78,2.1
2,23,30254,-2.99365,-1.72381,330.7,5.02,2
2,11,30254,8.46524,-0.865183,171.8,1.15,2.4
2,22,30290,-10.5685,8.69889,8.1,6.4,0.3
2,21,30387,-8,21.7716,90,8.48,1.9
2,19,30404,21.968,8,0,11.35,-0.5
2,23,30454,-2.13642,-2.30596,328.3,5.42,1.3
2,11,30454,8.18936,-0.826004,171.8,1.6,2.5
2,12,30478,16.1119,-1.6,180,0.73,1.6
2,24,30478,-11.5945,1.31292,356.7,4.24,1.9
2,22,30490,-9.47045,9.35773,16.1,6.4,0.4
2,9,30536,8,-42.2307,270,12.37,1.5
2,22,30590,-9.11282,9.87863,22.9,6.39,-0.5
2,23,30654,-1.55545,-3.27425,322.1,5.84,1.7
2,11,30654,7.82576,-0.774369,171.8,2.04,2.2
2,22,30690,-8.78339,10.4277,29.5,6.4,0.1
2,21,30687,-8,24.4108,90,9.06,1.6
2,19,30704,25.3748,8,0,11.35,0.2
2,24,30778,-10.246,1.11989,354.4,4.81,1.9
2,22,30790,-8.45391,10.9768,36.1,6.4,-0.1
2,9,30836,8,-46.0317,270,12.95,2.1
2,23,30854,-0.932782,-4.31203,315.2,6.24,2
2,12,30878,15.6917,-1.6,180,1.36,1.4
2,22,30890,-8.288,11.584,44.6,6.4,-0.4
2,11,30954,7.12651,-0.675067,171.8,2.64,2.3
2,22,30990,-8.19747,12.2177,53.3,6.39,0
2,21,30987,-8,27.2191,90,9.63,1.5
2,19,31004,28.7814,8,0,11.36,1.2
2,23,31054,-0.270009,-5.41665,307.8,6.61,1.8
2,24,31078,-8.72827,0.902635,351.9,5.37,1.8
2,22,31090,-8.10689,12.8517,60,6.4,-0.1
2,9,31136,8,-50.0112,270,13.55,2.1
2,12,31178,15.1993,-1.6,180,1.9,1.4
2,22,31190,-8.01634,13.4856,66.6,6.4,0.6
2,11,31254,6.33932,-0.283593,168.6,3.24,1.5
2,23,31254,0.432264,-6.58711,300.9,7.01,2.5
2,22,31290,-8,14.1315,73.6,6.54,1.6
2,21,31287,-8,30.2005,90,10.22,1.9
2,22,31390,-8,14.7967,77.8,6.74,1.9
2,24,31378,-7.04713,0.663794,351.8,5.93,1.2
2,19,31404,33.3234,8,0,11.36,0.6
2,9,31436,8,-54.171,270,14.16,2.5
2,23,31454,0.79389,-7.95723,296.3,7.36,1.4
2,12,31478,14.5458,-1.6,180,2.43,2
2,22,31490,-8,15.4811,82,6.93,1.8
2,11,31554,5.42281,0.266312,163.7,3.85,1.5
2,22,31590,-8,16.1854,86,7.13,1.5
2,24,31578,-5.98563,0.0713796,346.8,6.26,1.9
2,21,31587,-8,33.3572,90,10.8,2.3
2,23,31654,1.00765,-9.45353,289.4,7.73,2
2,22,31690,-8,16.9102,87.2,7.33,1.5
2,9,31736,8,-58.513,270,14.75,1.3
2,12,31778,13.7285,-1.6,180,2.99,0.8
2,22,31790,-8,17.654,88.4,7.52,2.4
2,24,31778,-4.87431,-0.595412,340.8,6.66,1.3
2,19,31804,37.8658,8,0,11.35,0.3
2,11,31854,4.35736,0.905586,158,4.42,1.9
2,23,31854,1.23215,-11.0251,282.1,8.11,2.5
2,21,31887,-8,36.6924,90,11.39,2.3
2,22,31890,-8,18.4168,89.7,7.71,2.2
2,24,31978,-3.69932,-1.30041,334.5,7.01,2.2
2,9,32036,8,-63.0289,270,15.33,1.5
2,11,32054,3.56115,1.38331,153.7,4.81,1.4
2,23,32054,1.46749,-12.6724,278.1,8.5,1.8
2,12,32078,12.7485,-1.47811,178.6,3.57,1.9
2,21,32187,-8,40.2031,90,11.98,2.5
2,22,32190,-8,20.8247,90,8.3,2.1
2,24,32178,-2.45997,-2.04402,329,7.41,1.9
2,19,32204,42.4078,8,0,11.36,0
2,11,32254,2.70101,1.89939,149.2,5.19,2.4
2,23,32254,1.6,-14.4051,276.8,8.88,1.5
2,9,32336,8,-67.6661,270,15.47,0
2,24,32378,-1.57175,-3.24708,322.2,7.8,1.8
2,12,32378,11.6032,-1.31417,176.7,4.13,1.7
2,23,32454,1.6,-16.223,273.8,9.27,2.2
2,11,32454,1.94441,2.62599,146.3,5.59,1.4
2,24,32478,-1.16519,-3.92468,317.7,7.98,2.3
2,21,32487,-8,43.8958,90,12.6,1.7
2,22,32490,-8,23.4071,90,8.89,2.5
2,24,32578,-0.748563,-4.61906,313.1,8.18,2.3
2,19,32604,46.9496,8,0,11.35,0.6
2,9,32636,8,-72.308,270,15.47,0
2,11,32654,1.34804,3.61992,139.8,5.98,1.5
2,24,32678,-0.32218,-5.3297,308.4,8.37,1.4
2,12,32678,10.2879,-1.12588,174.5,4.7,1.6
2,23,32754,1.6,-19.0995,270,9.89,2.5
2,24,32778,0.11362,-6.05603,303.7,8.55,2.5
2,21,32787,-8,47.7662,90,13.18,1.3
2,22,32790,-8,26.1653,90,9.48,1.7
2,11,32854,0.711587,4.68069,132.7,6.37,1.7
2,24,32878,0.559145,-6.79857,300.9,8.73,1.4
2,9,32936,8,-76.9502,270,15.47,1
2,24,32978,0.750137,-7.65096,297.7,8.93,1.4
2,12,32978,8.8017,-0.913147,172.1,5.28,1.8
2,19,33004,51.4918,8,0,11.35,0
2,23,33054,1.6,-22.161,270,10.48,2.3
2,11,33054,0.0337487,5.81042,125.2,6.77,1.5
2,24,33078,0.877888,-8.54521,293.6,9.12,2.2
2,21,33087,-8,51.7988,90,13.56,-0.6
2,22,33090,-8,29.1054,90,10.08,1.8
2,24,33178,1.0085,-9.45947,289.3,9.33,1.9
2,9,33236,8,-81.592,270,15.47,0
2,11,33254,-0.659167,7.01417,120.6,7.15,2.3
2,12,33278,7.14692,-0.677965,171.8,5.85,2.5
2,24,33278,1.14195,-10.3936,285,9.52,1.6
2,23,33354,1.6,-25.4023,270,11.1,1.7
2,24,33378,1.27833,-11.3483,280.6,9.72,2
2,22,33390,-8,32.2244,90,10.69,2.3
2,21,33387,-8,55.8699,90,13.57,0.6
2,19,33404,56.0341,8,0,11.35,0.6
2,11,33454,-0.867294,8.47106,113.9,7.54,2.3
2,12,33478,6.08307,-0.129843,167.3,6.23,2.5
2,24,33478,1.41749,-12.3224,278.1,9.93,1.8
2,9,33536,8,-86.2341,270,15.47,-0.4
2,24,33578,1.55948,-13.3164,278.1,10.13,1.5
2,23,33654,1.6,-28.8261,270,11.69,1.5
2,11,33654,-1.08669,10.0068,106.8,7.93,1.9
2,12,33678,4.97919,0.532484,161.4,6.61,1.3
2,21,33687,-8,59.9412,90,13.56,0.1
2,24,33678,1.6,-14.3379,276.9,10.32,1.8
2,22,33690,-8,35.5189,90,11.25,1.8
2,19,33804,60.5767,8,0,11.35,-0.2
2,9,33836,8,-90.8767,270,15.47,-0.7
2,11,33854,-1.31716,11.6201,99.3,8.34,2.4
2,12,33878,3.81151,1.2331,155.1,6.99,1.4
2,23,33954,1.6,-32.4207,270,12.25,1.7
2,21,33987,-8,64.0126,90,13.56,-0.2
2,24,33978,1.6,-17.5209,271.7,10.89,1.3
2,22,33990,-8,38.9833,90,11.83,1.7
2,11,34054,-1.5587,13.3109,98.1,8.71,1.3
2,12,34078,2.57952,1.97229,149,7.34,1.7
2,9,34136,8,-95.5191,270,15.47,-0.5
2,19,34204,65.1188,8,0,11.35,-0.4
2,23,34254,1.6,-36.1883,270,12.83,1.8
2,11,34254,-1.6,15.0925,95.7,9.11,2.1
2,12,34278,1.64815,3.11975,143.1,7.77,1.4
2,21,34287,-8,68.0839,90,13.57,0.3
2,24,34278,1.6,-20.8811,270,11.48,2.3
2,22,34290,-8,42.6212,90,12.4,2.2
